Datetime,Vancouver,Portland,San Francisco,Seattle,Los Angeles,San Diego,Las Vegas,Phoenix,Albuquerque
01/10/2012 13:00,284.63,282.08,289.48,281.8,291.87,291.53,293.41,296.6,285.12
01/10/2012 14:00,284.6290413,282.083252,289.4749928,281.7972166,291.8681855,291.533501,293.4031413,296.6085085,285.1545582
01/10/2012 15:00,284.6269979,282.0918665,289.4606181,281.7898326,291.8628445,291.5433551,293.3921771,296.6314874,285.2339516
01/10/2012 16:00,284.6249545,282.100481,289.4462434,281.7824486,291.8575034,291.5532092,293.3812128,296.6544662,285.313345
01/10/2012 17:00,284.6229111,282.1090955,289.4318687,281.7750646,291.8521623,291.5630633,293.3702486,296.677445,285.3927384
01/10/2012 18:00,284.6208678,282.11771,289.417494,281.7676805,291.8468213,291.5729175,293.3592844,296.7004238,285.4721318
01/10/2012 19:00,284.6188244,282.1263245,289.4031193,281.7602965,291.8414802,291.5827716,293.3483202,296.7234026,285.5515252
01/10/2012 20:00,284.616781,282.134939,289.3887446,281.7529125,291.8361391,291.5926257,293.337356,296.7463814,285.6309186
01/10/2012 21:00,284.6147376,282.1435535,289.3743699,281.7455284,291.8307981,291.6024798,293.3263917,296.7693602,285.710312
01/10/2012 22:00,284.6126942,282.152168,289.3599952,281.7381444,291.825457,291.612334,293.3154275,296.792339,285.7897055
01/10/2012 23:00,284.6106508,282.1607825,289.3456205,281.7307604,291.820116,291.6221881,293.3044633,296.8153178,285.8690989
02/10/2012 00:00,284.6086074,282.169397,289.3312458,281.7233764,291.8147749,291.6320422,293.2934991,296.8382967,285.9484923
02/10/2012 01:00,284.606564,282.1780115,289.3168711,281.7159923,291.8094338,291.6418963,293.2825349,296.8612755,286.0278857
02/10/2012 02:00,284.6045207,282.186626,289.3024964,281.7086083,291.8040928,291.6517505,293.2715706,296.8842543,286.1072791
02/10/2012 03:00,284.6024773,282.1952405,289.2881217,281.7012243,291.7987517,291.6616046,293.2606064,296.9072331,286.1866725
02/10/2012 04:00,284.6004339,282.203855,289.273747,281.6938403,291.7934106,291.6714587,293.2496422,296.9302119,286.2660659
02/10/2012 05:00,284.5983905,282.2124695,289.2593723,281.6864562,291.7880696,291.6813129,293.238678,296.9531907,286.3454593
02/10/2012 06:00,284.5963471,282.221084,289.2449976,281.6790722,291.7827285,291.691167,293.2277138,296.9761695,286.4248527
02/10/2012 07:00,284.5943037,282.2296985,289.2306229,281.6716882,291.7773874,291.7010211,293.2167495,296.9991483,286.5042461
02/10/2012 08:00,284.5922603,282.238313,289.2162482,281.6643042,291.7720464,291.7108752,293.2057853,297.0221271,286.5836395
02/10/2012 09:00,284.5902169,282.2469275,289.2018735,281.6569201,291.7667053,291.7207294,293.1948211,297.0451059,286.663033
02/10/2012 10:00,284.5881736,282.255542,289.1874988,281.6495361,291.7613643,291.7305835,293.1838569,297.0680848,286.7424264
02/10/2012 11:00,284.5861302,282.2641565,289.1731241,281.6421521,291.7560232,291.7404376,293.1728927,297.0910636,286.8218198
02/10/2012 12:00,284.5840868,282.272771,289.1587494,281.6347681,291.7506821,291.7502917,293.1619284,297.1140424,286.9012132
02/10/2012 13:00,284.5820434,282.2813855,289.1443747,281.627384,291.7453411,291.7601459,293.1509642,297.1370212,286.9806066
02/10/2012 14:00,284.58,282.29,289.13,281.62,291.74,291.77,293.14,297.16,287.06
02/10/2012 15:00,284.85,282.51,290.73,282.71,293.97,294.91,296.38,300.76,289.91
02/10/2012 16:00,286.26,284.44,293.02,285.05,295.59,296.3,297.02,303.48,291.47
02/10/2012 17:00,286.77,287.86,296.18,287.97,297.93,300.13,300.24,306.32,292.86
02/10/2012 18:00,288.95,292.26,299.66,290.61,303.83,303.98,305.1,308.77,295.52
02/10/2012 19:00,289.51,292.73,300.03,292.06,305.03,303.9,305.47,309.24,295.95
02/10/2012 20:00,289.67,295.57,301.07,293.68,306.12,304.22,306.7,310.7,297.24
02/10/2012 21:00,290.29,297.94,302.29,295.32,307.66,302.81,307.22,311.54,298.06
02/10/2012 22:00,291.09,300,304.7,295.18,307.71,303.38,308.79,311.28,297.94
02/10/2012 23:00,291.18,300.55,304.86,296.11,306.87,301.85,308.79,312.01,298.01
03/10/2012 00:00,291.26,300.37,304.08,295.24,305.7,301.66,308.29,311.47,296.84
03/10/2012 01:00,290.62,299.05,302.69,294.38,303.69,299.69,306.22,308.97,294.38
03/10/2012 02:00,288.11,296.42,300.52,292.28,302.02,298.08,303.27,306.11,291.86
03/10/2012 03:00,287.21,294.4,298.56,291.12,300.42,297.74,301.1,304.29,291.42
03/10/2012 04:00,286.6,293.37,297.94,289.93,299.64,295.85,300.45,302.52,291.71
03/10/2012 05:00,285.96,292.12,296.95,287.87,299.62,295.39,298.96,301.27,291.18
03/10/2012 06:00,285.63,290.46,294.14,287.14,296.38,294.28,298.14,300.17,289.46
03/10/2012 07:00,284.71,289.34,293.46,286.54,295.2,294.02,296.17,298.52,288.43
03/10/2012 08:00,284.78,289.21,293.32,286.16,295.2,293.74,297.14,298.24,287.8
03/10/2012 09:00,284.24,287.51,292.39,285.31,294.66,293.23,296.43,297.21,287.16
03/10/2012 10:00,284.17,286.36,291.96,284.3,294.22,292.75,296.44,296.13,286.26
03/10/2012 11:00,283.25,285.53,291.52,283.96,293.86,292.58,295.56,295.67,286.03
03/10/2012 12:00,283.29,284.575,291.135,283.595,293.235,291.76,293.68,293.35,284.71
03/10/2012 13:00,283.35,283.62,290.75,283.23,292.61,292.17,293.38,294.11,284.32
03/10/2012 14:00,282.53,283.09,290.26,283.5,292.44,292.03,292.26,295.13,285.49
03/10/2012 15:00,282.83,284.01,292.67,284.57,295.15,295.6133333,295.3466667,298.64,287.8166667
03/10/2012 16:00,283.13,284.93,295.08,285.64,297.86,299.1966667,298.4333333,302.15,290.1433333
03/10/2012 17:00,283.43,285.85,297.49,286.71,300.57,302.78,301.52,305.66,292.47
03/10/2012 18:00,283.92,286.9,299.48,287.42,303.11,304.45,303.95,306.95,294.53
03/10/2012 19:00,285.06,288.11,301.24,288.61,304.07,305.31,305.76,308.79,295.58
03/10/2012 20:00,286.23,289.44,302.04,289.13,304.01,305.88,307,309.8,296.2
03/10/2012 21:00,286.73,290.68,303.25,289.41,304.76,305.16,308.22,311.03,297.86
03/10/2012 22:00,287.455,291.91,302.875,289.18,304.18,303.63,309.035,311.22,298.38
03/10/2012 23:00,288.18,293.14,302.5,288.95,303.6,302.1,309.85,311.41,298.9
04/10/2012 00:00,288.24,292.83,302.81,288.79,302.31,302.17,309.6,311.4,298.78
04/10/2012 01:00,286.5,291.37,301.91,287.47,300.72,300.28,307.33,308.64,296.16
04/10/2012 02:00,285.39,289.27,299.96,286.01,299.11,297.77,305.8,306.04,294.63
04/10/2012 03:00,284.26,287,297.82,284.85,297.84,296.63,303.29,303.48,292.57
04/10/2012 04:00,283.46,285.73,296.56,283.91,296.17,294.99,301.78,302.46,292.06
04/10/2012 05:00,283.74,284,296.01,283.31,294.99,294.41,300.82,300.13,290.23
04/10/2012 06:00,282.71,282.84,294.68,283.07,294.18,293.98,299.64,298.9,288.77
04/10/2012 07:00,282.44,282.24,293.92,283.15,293.97,293.51,299.53,298.38,288.61
04/10/2012 08:00,281.56,281.43,293.67,282.51,293.13,292.4,298.22,297.51,288.61
04/10/2012 09:00,281.42,281.09,293.41,281.98,292.96,292.26,298,296.84,288.9
04/10/2012 10:00,281.3,280.67,291.81,281.49,292.28,292.17,296.63,295.68,286.88
04/10/2012 11:00,280.97,280.77,291.16,281.14,291.78,291.34,295.47,295.04,286.35
04/10/2012 12:00,280.92,281.7,290.4,280.59,291.46,290.99,295.31,294.22,286.09
04/10/2012 13:00,280.91,281.44,289.99,279.65,291.35,290.84,293.39,293.93,287.84
04/10/2012 14:00,280.04,282.77,290.19,279.15,291.32,290.72,294.94,294.64,287.74
04/10/2012 15:00,280.15,283.79,291.28,279.72,292.95,293.68,296.49,297.71,290.84
04/10/2012 16:00,282.78,286.69,294.26,282.4,294.17,295.81,299.92,300.54,293.01
04/10/2012 17:00,284.38,288.49,296.75,284.72,296.46,298.19,302.56,304.17,295.89
04/10/2012 18:00,286.8,289.75,297.74,286.03,298.03,299.09,304.65,306.07,297.76
04/10/2012 19:00,288.56,291,298.64,287.19,299.04,300.77,306.35,307.97,298.91
04/10/2012 20:00,289.26,291.72,299.51,288.68,299.86,301.4,307.59,308.92,300.13
04/10/2012 21:00,289.36,292.75,298.97,289.56,300.01,301.91,308.42,310.04,301.41
04/10/2012 22:00,290.15,293.03,298.47,290.05,300.41,301.15,309.11,310.49,301.13
04/10/2012 23:00,289.66,293.21,296.57,289.98,299.45,299.48,308.84,310.39,301.01
05/10/2012 00:00,288.87,292.99,294.64,289.6,298.36,298.41,308.49,309.89,299
05/10/2012 01:00,287.18,291.93,293.22,288.4,297.33,296.68,306.97,308.06,296.67
05/10/2012 02:00,285.06,290.54,291.24,286.38,295.26,295.18,304.65,304.85,294.47
05/10/2012 03:00,283.93,289.54,290.38,285.56,294.26,294.22,302.79,303.58,293.85
05/10/2012 04:00,283.34,288.73,289.76,284.45,293.47,293.25,301.87,301.68,292.75
05/10/2012 05:00,282.68,288.35,289.43,283.92,292.57,292.5,301.43,300.05,290.82
05/10/2012 06:00,281.81,287.02,289.25,283.25,291.04,292.16,300.35,299.07,289.43
05/10/2012 07:00,281.23,286.62,288.91,282.585,290.005,291.745,299.255,297.87,289.025
05/10/2012 08:00,280.65,286.22,288.57,281.92,288.97,291.33,298.16,296.67,288.62
05/10/2012 09:00,280.325,285.505,288.42,281.775,289.275,291.21,297.4,296.72,287.875
05/10/2012 10:00,280,284.79,288.27,281.63,289.58,291.09,296.64,296.77,287.13
05/10/2012 11:00,279.86,284.24,288.24,281.08,289.67,291.15,295.77,295.93,286.62
05/10/2012 12:00,279.54,283.52,288.22,280.64,289.82,291.11,295.22,294.83,285.91
05/10/2012 13:00,278.57,283.53,288.6,281.14,290.25,290.93,294.07,294.57,285.29
05/10/2012 14:00,278.51,282.33,289.02,280.08,290.41,291.01,294.27,295.52,286.98
05/10/2012 15:00,278.91,282.84,288.61,280.7,290.65,291.91,295.76,298.09,291.37
05/10/2012 16:00,281.86,284.87,289.41,282.98,291.79,293.47,298.42,301.07,293.68
05/10/2012 17:00,282.78,286.71,290.09,284.62,292.51,294.93,298.9,303.78,294.85
05/10/2012 18:00,287.56,290.34,292.13,286.61,294.04,296.18,301.03,305.01,297.26
05/10/2012 19:00,288.12,291.63,293.26,287.45,294.87,296.78,303.52,306.4,297.64
05/10/2012 20:00,289.1,293.2,294.02,289.22,295.73,297.1,304.15,307.48,298.65
05/10/2012 21:00,289.53,294.4,294.3,290.21,296.69,297.44,304.78,308.54,299.87
05/10/2012 22:00,290.09,294.65,293.81,289.94,297.41,296.96,305.3,308.47,299.93
05/10/2012 23:00,290.67,294.37,293.45,290.01,296.8,296.72,305.89,308.57,300.21
06/10/2012 00:00,290.41,293.66,291.75,289.85,295.93,295.73,305.8,307.46,298.81
06/10/2012 01:00,288.83,292.48,290.32,288.82,294.82,294.24,304.7,305.79,297.05
06/10/2012 02:00,286.9,291.1,289.55,287.6,293.71,293.14,304.32,303.74,295.62
06/10/2012 03:00,285.3,289.61,288.53,285.82,292.25,292.19,300.9,301.16,295.01
06/10/2012 04:00,284.4,287.9,288.23,284.58,291.86,291.74,300.66,298.96,292.81
06/10/2012 05:00,283.59,287.74,287.96,284.12,291.2,290.88,299.52,298.13,292.31
06/10/2012 06:00,282.59,286.91,287.93,283.63,290.2,290.55,298.41,296.66,291.83
06/10/2012 07:00,282.29,286.3,287.85,282.98,290.1,290.36,298.72,296.16,291.98
06/10/2012 08:00,281.45,285.405,287.83,282.68,289.57,290.595,297.065,295.19,290.58
06/10/2012 09:00,280.61,284.51,287.81,282.38,289.04,290.83,295.41,294.22,289.18
06/10/2012 10:00,281.03,283.8,287.59,281.77,288.99,290.99,294.33,293.64,289.08
06/10/2012 11:00,280.97,283.34,287.82,281.47,288.99,291.16,293.84,292.41,287.98
06/10/2012 12:00,280.64,283.22,287.85,281.06,288.99,291.27,293.89,291.9,286.82
06/10/2012 13:00,280.18,282.89,288.18,280.55,289.17,291.19,292.7,291.81,287.11
06/10/2012 14:00,279.64,282.6,288.41,280.65,289.3,290.8,292.46,293.66,287.82
06/10/2012 15:00,279.54,282.86,288.7,281,290.06,291.05,294.2,297.13,289.97
06/10/2012 16:00,281.37,285.57,289.54,283.49,290.96,292.73,296.34,299.92,291.41
06/10/2012 17:00,284.48,288.54,291.24,286.17,292.28,294.11,299.49,302.22,293.14
06/10/2012 18:00,287.38,291.17,292.7,287.58,294.72,295.43,300.73,303.93,294.74
06/10/2012 19:00,289.94,293.12,293.61,289.49,296.06,296.69,301.9,305.62,296
06/10/2012 20:00,290.24,293.8,294.09,292.11,296.93,296.32,302.7,305.99,297.45
06/10/2012 21:00,290.61,294.12,294.32,292.85,297.14,295.51,303.37,306.22,297.43
06/10/2012 22:00,291.65,294.28,294.68,292.69,297.31,295.11,303.91,306.71,297.82
06/10/2012 23:00,291.78,294.06,293.76,292.85,297.27,294.94,304.25,306.82,297.3
07/10/2012 00:00,290.94,293.33,292.9,292.05,296.53,294.64,303.99,306.09,296.51
07/10/2012 01:00,289.96,292.16,292.07,290.34,295.2,293.66,303.18,304.14,294.64
07/10/2012 02:00,287.37,290.47,290.85,288.05,293.86,292.54,301.45,301.97,293.63
07/10/2012 03:00,286.74,289.66,290.07,286.46,293.28,291.79,299.61,300.02,292.47
07/10/2012 04:00,284.45,288.99,289.71,285.37,292.36,291.18,298.44,298.49,291.65
07/10/2012 05:00,284.12,288.82,289.48,285.04,291.6,290.48,297.72,298.03,290.67
07/10/2012 06:00,283.71,287.7733333,288.8966667,284.3833333,290.98,290.0866667,296.945,297.0366667,289.06
07/10/2012 07:00,283.3,286.7266667,288.3133333,283.7266667,290.36,289.6933333,296.17,296.0433333,287.45
07/10/2012 08:00,282.89,285.68,287.73,283.07,289.74,289.3,295.32,295.05,285.84
07/10/2012 09:00,282.49,284.45,287.63,282.87,289.67,289.03,295.05,294.78,285.17
07/10/2012 10:00,281.61,284.45,286.3,280.77,289.28,288.61,294.86,294.09,280.35
07/10/2012 11:00,282.07,283.87,285.68,280.32,288.95,288.47,293.85,293.96,279.98
07/10/2012 12:00,281.16,282.27,285.5,280.01,289.06,288.38,293.64,293.64,280.35
07/10/2012 13:00,280.46,281.33,284.94,279.77,288.67,288.42,293.73,292.51,281.18
07/10/2012 14:00,280.29,280.12,285.15,279.54,288.92,288.43,293.69,292.86,280.79
07/10/2012 15:00,280.76,281,285.69,279.63,289.88,290.1,295.4,296.38,282.51
07/10/2012 16:00,283.47,283.24,288.65,282.48,291.75,291.79,297.88,298.18,288.15
07/10/2012 17:00,285.62,288.72,290.6,287.17,294.55,294.85,299.55,301.04,292.125
07/10/2012 18:00,286.44,291.43,291.73,289.47,296.13,296.77,301,302.96,296.1
07/10/2012 19:00,288.93,293.38,292.58,291.63,297.4,297.68,301.78,304.07,291.48
07/10/2012 20:00,290.04,294.5,293.38,293.42,298.21,298.09,302.46,305.09,292.55
07/10/2012 21:00,291.3,295.08,293.54,293.95,298.01,298.04,302.73,305.02,293.11
07/10/2012 22:00,293.09,295.5,294.25,294.78,297.94,297.86,303.83,305.54,293.15
07/10/2012 23:00,293.09,295.35,294.13,294.1,297.96,297.28,303.91,304.97,291.44
08/10/2012 00:00,291.2,294.86,293.6,293.62,297.06,296.36,302.29,304.46,285.93
08/10/2012 01:00,289.65,293.7,291.3,291.88,296.45,295.21,301.035,303.31,283.71
08/10/2012 02:00,287.12,291.85,289.52,290.03,295.11,294.08,299.78,301.92,282.04
08/10/2012 03:00,286.42,290.42,288.65,288.43,294.27,293.39,298.83,300.67,296.1
08/10/2012 04:00,285.37,289.79,287.96,287.15,293.73,292.52,297.07,299.16,296.1
08/10/2012 05:00,284.99,289.61,287.33,286.78,292.96,292.09,296,297.67,296.1
08/10/2012 06:00,284.2,288.63,286.93,286.32,292.81,291.65,295.18,296.84,276.31
08/10/2012 07:00,283.72,287.78,286.6,285.17,292.29,291.24,295.13,295.74,275.75
08/10/2012 08:00,283.58,286.06,286.06,283.78,292.1,291.1,293.48,295.59,275.08
08/10/2012 09:00,283.2,285.91,285.77,282.96,291.55,291.38,292.81,295.33,274.94
08/10/2012 10:00,282.87,283.7,285.46,282.93,291.16,291.71,292.63,294.01,274.66
08/10/2012 11:00,282.49,283.72,285.32,281.96,290.93,291.85,292.72,294.09,274.37
08/10/2012 12:00,282.21,281.43,284.55,282.02,290.14,291.76,291.48,294.06,274.66
08/10/2012 13:00,282.14,279.73,284.62,281.26,290.1,291.62,290.79,293.06,274.52
08/10/2012 14:00,280.88,279.12,284.62,280.25,290.27,291.57,291.27,293.83,274.39
08/10/2012 15:00,280.71,279.88,285.47,281.01,290.83,292.25,292.85,296.01,273.15
08/10/2012 16:00,284.02,283.1,287.13,283.15,293.54,293.66,295.57,299.27,277.99
08/10/2012 17:00,285.34,285.14,288.21,286.49,294.48,294.65,295.95,301.07,281.28
08/10/2012 18:00,289.06,291.15,290.56,289.87,296.44,296.39,298.04,304.02,284.88
08/10/2012 19:00,289.74,293.64,291.16,291.42,296.83,296.46,298.86,304.36,284.58
08/10/2012 20:00,289.69,294.13,292.25,292.46,297.66,297.08,300,305.62,286.78
08/10/2012 21:00,290.41,295.86,293.39,293.35,297.68,297.36,301.02,306.05,288.12
08/10/2012 22:00,291.43,297.02,294.11,294.32,297.91,296.81,301.7,306.32,288.41
08/10/2012 23:00,292.2,297.46,293.68,294.85,297.75,296.41,301.78,306.31,287.85
09/10/2012 00:00,291.34,296.93,292.11,294.43,296.56,295.44,301.72,305.92,287.56
09/10/2012 01:00,289.68,295.27,290.35,292.31,295.49,294.46,299.57,304.36,284.94
09/10/2012 02:00,287.4,291.73,288.88,289.7,294.31,292.9,298.205,302.4,282.15
09/10/2012 03:00,286.39,287.78,288.08,288.09,293.5,292.65,296.84,300.66,282.55
09/10/2012 04:00,285.49,286.89,287.83,286.04,292.92,292.24,295.36,298.48,282.95
09/10/2012 05:00,285.25,286.71,287.35,285.95,291.64,291.89,294.67,297.92,281.48
09/10/2012 06:00,284.79,283.88,286.67,284.02,291.16,291.8,291.75,297.07,279.15
09/10/2012 07:00,283.79,282.67,286.36,282.96,291.48,291.47,291.33,295.94,276.93
09/10/2012 08:00,283.265,281.25,286.055,282.725,290.295,291.69,290.91,294.865,278.88
09/10/2012 09:00,282.74,279.83,285.75,282.49,289.11,291.91,290.49,293.79,280.83
09/10/2012 10:00,282.62,278.72,285.56,281.89,288.82,291.74,289.88,292.74,280.37
09/10/2012 11:00,282.27,277.74,285.62,281.25,288.58,291.87,289.88,292.5,279.67
09/10/2012 12:00,282.2,277.25,285.22,280.82,288.58,292,289.33,291.82,278.9
09/10/2012 13:00,281.55,277.4,285.09,280.46,288.71,292.09,289.21,292.03,278.79
09/10/2012 14:00,281.29,276.36,283.93,280.05,289.19,292.09,289.21,292.41,280.2
09/10/2012 15:00,281.08,277.26,284.94,280.86,289.85,292.51,291.79,295.48,283.66
09/10/2012 16:00,282.63,280.59,287.87,284.63,291.25,292.78,295.45,298.84,286.25
09/10/2012 17:00,285.65,283.04,288.64,286.88,291.74,293.22,295.93,299.76,287.5
09/10/2012 18:00,287.92,286.33,291.08,289.51,293.93,295.31,298.28,302.16,289.64
09/10/2012 19:00,289.75,288.16,292.14,291.18,295.07,295.87,300.23,304.15,291.18
09/10/2012 20:00,291.38,290.1,292.67,292.66,296.15,296.71,301.47,305.12,292.72
09/10/2012 21:00,291.1,291.67,293.02,294.3,296.65,296.65,302.84,305.64,294.01
09/10/2012 22:00,291.73,293.33,293.26,293.84,297.03,295.63,304.63,306.07,294.95
09/10/2012 23:00,291.67,293.75,291.92,293.94,296.55,295.53,304.82,306.49,294.7
10/10/2012 00:00,291.94,293.38,291.7,293.44,295.55,295.02,304.13,305.97,294.01
10/10/2012 01:00,290.11,291.79,290.5,291.85,294.5,293.93,302.36,304.33,291.85
10/10/2012 02:00,287.51,287.75,289.13,289.18,293.08,292.38,299.83,302.14,289.74
10/10/2012 03:00,286.33,285.93,288.34,287.42,292.32,291.47,299.25,300.14,289.7
10/10/2012 04:00,285.48,284.62,287.93,286.6,291.7,290.79,298.47,299.03,288.45
10/10/2012 05:00,284.52,283.57,287.66,285.48,290.98,290.76,298.21,297.56,287.57
10/10/2012 06:00,284.09,281.77,286.46,284.13,289.54,290.74,297.55,296.45,286.61
10/10/2012 07:00,283.85,281.28,286.06,283.08,288.68,290.9,297.33,295.84,284.56
10/10/2012 08:00,283.71,280.7,285.64,282.7,288.51,291.08,296.56,294.8,283.75
10/10/2012 09:00,283.2,280.0766667,285.1566667,282.6433333,287.7866667,290.7,295.8633333,294.33,282.9166667
10/10/2012 10:00,282.69,279.4533333,284.6733333,282.5866667,287.0633333,290.32,295.1666667,293.86,282.0833333
10/10/2012 11:00,282.18,278.83,284.19,282.53,286.34,289.94,294.47,293.39,281.25
10/10/2012 12:00,282.01,278.95,285.4,282.9,287.28,291.32,293.95,293.49,281.34
10/10/2012 13:00,281.53,279.29,285.55,282.72,287.53,291.09,292.72,293.49,281.42
10/10/2012 14:00,281.27,279.29,284.76,283.02,288.25,291.29,291.41,293.93,283.72
10/10/2012 15:00,281.74,279.81,285.18,283.12,288.83,291.58,291.74,296.26,285.62
10/10/2012 16:00,282.13,281.21,287.06,283.4,290.06,292.56,293.95,298.72,288.18
10/10/2012 17:00,283.77,282.98,289.69,283.95,292.5,294.68,298.6,301.7,290.7
10/10/2012 18:00,283.97,284.45,291.7,284.37,293.51,295.27,300.72,302.85,292.46
10/10/2012 19:00,285.22,285.81,292.76,284.78,294.43,296.57,301.78,303.98,293.94
10/10/2012 20:00,286.55,287,293.69,285.79,294.72,296.65,302.01,304.93,294.64
10/10/2012 21:00,287.99,290.33,293.28,289.52,295.71,296.14,304.26,305.39,295.34
10/10/2012 22:00,288.045,292.265,293.64,292.46,296.355,295.82,303.23,304.645,295.67
10/10/2012 23:00,288.1,294.2,294,295.4,297,295.5,302.2,303.9,296
11/10/2012 00:00,288.1,294.2,294,295.4,297,295.5,302.2,303.9,296
11/10/2012 01:00,288.1,294.2,294,295.4,297,295.5,302.2,303.9,296
11/10/2012 02:00,288.1,294.2,294,295.4,297,295.5,302.2,303.9,296
11/10/2012 03:00,288.1,294.2,294,295.4,297,295.5,302.2,303.9,296
11/10/2012 04:00,288.1,294.2,294,295.4,297,295.5,302.2,303.9,296
11/10/2012 05:00,284.94,287.895,289.28,295.4,291.915,292.345,302.2,299.92,288.7
11/10/2012 06:00,281.78,281.59,284.56,295.4,286.83,289.19,302.2,295.94,281.4
11/10/2012 07:00,281.365,281.21,286.75,281.34,289.02,290.12,294.57,295.805,280.445
11/10/2012 08:00,280.95,280.83,286.55,281.15,289.88,290.56,295.2,295.67,279.49
11/10/2012 09:00,280.93,280.35,286.27,280.98,289.56,290.43,295.22,295.25,279.18
11/10/2012 10:00,280.52,280.14,285.91,280.44,289.45,290.35,295.22,294.32,279.16
11/10/2012 11:00,280.23,279.04,285.71,280.46,288.81,289.97,294.15,294.29,276.62
11/10/2012 12:00,280.09,278.84,285.6,280.34,288.77,289.94,293.02,293.11,277.52
11/10/2012 13:00,279.96,278.65,285.57,280.25,288.69,289.81,293.275,293.1,276.87
11/10/2012 14:00,280.3,278.57,285.81,280.6,288.58,290.03,293.53,293.92,277.88
11/10/2012 15:00,280.55,278.52,286.18,280.86,289.55,291.74,294.944,296.64,280.67
11/10/2012 16:00,282.1625,282.465,288.135,284.295,291.0125,292.48,296.358,298.63,284.3025
11/10/2012 17:00,283.775,286.41,290.09,287.73,292.475,293.22,297.772,300.62,287.935
11/10/2012 18:00,285.3875,290.355,292.045,291.165,293.9375,293.96,299.186,302.61,291.5675
11/10/2012 19:00,287,294.3,294,294.6,295.4,294.7,300.6,304.6,295.2
11/10/2012 20:00,287,294.3,294,294.6,295.4,294.7,300.6,304.6,295.2
11/10/2012 21:00,284.66,290.39,293.49,284.8,295.11,295.32,301.15,305.35,293.96
11/10/2012 22:00,284.99,291.66,293.8,285.01,295.06,295.2,299.73,305.4,293.41
11/10/2012 23:00,284.8,291.88,292.94,284.93,294.88,294.17,297.48,305.33,291.99
12/10/2012 00:00,284.28,291.41,291,284.66,294.01,293.5,296.64,305.12,291.83
12/10/2012 01:00,283.87,289.71,289.05,284.52,292.89,292.37,295.41,303.43,288.17
12/10/2012 02:00,283.87,287.47,287.65,284.38,291.9,291.47,293.92,301.48,286.18
12/10/2012 03:00,283.68,285.82,287.24,284.1,291.17,291.08,293.67,300.23,285.12
12/10/2012 04:00,283.48,284.31,286.8,284.14,290.87,290.69,293.36,299.36,295.2
12/10/2012 05:00,283.52,283.76,286.68,284,290.56,290.38,293.13,298.17,295.2
12/10/2012 06:00,283.56,282.47,286.42,283.66,290.08,290.15,291.73,297.41,283.15
12/10/2012 07:00,283.42,281.53,286.27,283.55,289.14,289.96,291.58,296.45,282.78
12/10/2012 08:00,283.32,280.23,286.23,283.33,288.65,289.55,291.01,295.65,284.01
12/10/2012 09:00,283.24,280.03,286.27,283.13,288.27,288.89,290.26,295.3,281.77
12/10/2012 10:00,283.09,279.38,286.39,282.91,287.84,288.05,289.55,294.71,280.38
12/10/2012 11:00,282.9,279.48,286.22,282.77,287.59,287.44,289.67,294.47,280.21
12/10/2012 12:00,282.9,279.38,286.26,282.63,287.58,287.23,289.78,295.32,280.56
12/10/2012 13:00,282.37,279.5,285.81,282.53,287.84,287.44,289.47,294.87,280.03
12/10/2012 14:00,282.31,279.29,285.52,282.21,287.73,287.3,289.58,295.09,280.72
12/10/2012 15:00,282.64,279.62,285.98,282.28,288.03,289.26,290.11,295.22,282.04
12/10/2012 16:00,282.65,280.63,286.6,282.5,289.14,290.48,289.7,297.44,291.18
12/10/2012 17:00,282.62,281.84,286.95,282.65,290.09,291.74,289.32,299.45,293.17
12/10/2012 18:00,282.93,283,287.27,282.95,291.67,291.37,289.52,301.62,293.74
12/10/2012 19:00,283.64,283.92,287.51,283.2,292.69,290.34,289.95,302.47,294.68
12/10/2012 20:00,284.35,286.09,287.71,284.21,293.38,291.91,290.38,303.01,296.31
12/10/2012 21:00,284.91,288.45,287.52,285.03,292.72,292.19,290.75,303.5,296.58
12/10/2012 22:00,285.13,290.16,287.51,286.17,292.63,291.65,291.14,303.19,296.25
12/10/2012 23:00,285.17,290.87,287.26,286.15,290.86,292.47,291.33,302.72,294.13
13/10/2012 00:00,285.416,291.996,287.728,287.78,291.308,292.556,292.344,302.836,294.724
13/10/2012 01:00,285.662,293.122,288.196,289.41,291.756,292.642,293.358,302.952,295.318
13/10/2012 02:00,285.908,294.248,288.664,291.04,292.204,292.728,294.372,303.068,295.912
13/10/2012 03:00,286.154,295.374,289.132,292.67,292.652,292.814,295.386,303.184,296.506
13/10/2012 04:00,286.4,296.5,289.6,294.3,293.1,292.9,296.4,303.3,297.1
13/10/2012 05:00,283.28,282.82,286.59,282.88,287.75,288.45,285.52,295.36,288.7
13/10/2012 06:00,283.09,280.89,286.56,281.58,287.57,288.2,284.56,294.48,287.15
13/10/2012 07:00,283.13,280.36,286.39,281.32,287.24,287.54,284.72,293.72,286.7
13/10/2012 08:00,283.14,280.4,286.32,281.32,286.68,287.34,284.72,293.49,286.94
13/10/2012 09:00,283.03,279.98,286.13,281.65,286.16,287.43,285.11,293.54,287.16
13/10/2012 10:00,282.97,280.23,285.9,281.98,285.97,287.47,285.095,292.82,287.2
13/10/2012 11:00,282.97,280.91,285.77,282.7,285.7,287.52,285.08,291.75,287.31
13/10/2012 12:00,282.87,281.44,285.81,282.9,285.31,287.52,284.97,291.67,286.89
13/10/2012 13:00,282.62,281.76,285.57,282.63,285.32,287.37,284.77,290.25,286.79
13/10/2012 14:00,282.57,282.09,285.79,282.76,285.27,287.34,285.08,289.52,286.38
13/10/2012 15:00,282.73,282.45,285.88,283.11,286.69,288.25,285.46,290.28,285.55
13/10/2012 16:00,282.79,283.04,286.48,283.71,288.92,289.73,287.13,291.23,286.59
13/10/2012 17:00,282.95,283.46,287.2,284.8,289.85,291.92,288.79,292.13,289.57
13/10/2012 18:00,283.2,283.74,288.07,285.54,290.94,292.03,289.66,293.47,291.07
13/10/2012 19:00,283.8,284,289.04,285.72,292.53,292.77,290.63,295.15,292.67
13/10/2012 20:00,283.91,284.22,289.6,285.84,293.21,292.77,291.37,295.41,292.53
13/10/2012 21:00,284.29,284.22,289.6,286.18,293.64,293.16,292,296.23,293.55
13/10/2012 22:00,284.48,284.42,290.04,286.12,294,293.49,291.7,296.49,292.16
13/10/2012 23:00,284.7,284.48,290.25,286.18,293.45,293.57,291.98,296.59,293.88
14/10/2012 00:00,284.47,284.73,289.97,286.14,292.74,293.34,291.61,296.24,292.81
14/10/2012 01:00,284.51,284.5,288.96,285.88,292.16,292.14,290.76,294.92,291.29
14/10/2012 02:00,284.51,284.54,287.84,285.88,291.42,290.95,289.81,293.74,289.77
14/10/2012 03:00,284.47,284.36,286.83,285.53,290.71,290.52,288.86,292.43,287.01
14/10/2012 04:00,284.57,284.36,285.98,285.04,290.24,290.16,287.95,292.14,284.98
14/10/2012 05:00,284.51,284.42,285.49,284.98,289.68,289.09,287.79,291.02,283.88
14/10/2012 06:00,284.57,284.63,285.11,284.98,289.37,288.36,287.25,289.87,281.77
14/10/2012 07:00,284.57,285.05,284.38,284.98,288.65,288.18,286.43,288.84,280.3
14/10/2012 08:00,284.62,285.15,284.01,285.05,288.24,287.26,286.65,288.32,280.45
14/10/2012 09:00,284.63,285.32,283.76,285.23,287.68,286.97,286.68,287.85,280.3
14/10/2012 10:00,284.68,285.42,283.5,285.29,286.83,286.8,285.67,287.35,278.89
14/10/2012 11:00,284.78,285.53,283.37,285.47,286.53,286.49,285.02,286.73,278.44
14/10/2012 12:00,284.88,285.54,283.12,285.6,286.07,286.39,285.22,286.39,277.91
14/10/2012 13:00,284.9,285.64,283.05,285.82,285.62,286.16,285.03,285.44,276.46
14/10/2012 14:00,284.93,285.84,283.08,285.82,285.81,286.12,285.09,286.23,277.86
14/10/2012 15:00,284.82,286.27,283.81,285.7,287.77,287.8,287,289.77,280.46
14/10/2012 16:00,284.95,287.12,286.95,285.87,290.44,290.43,288.6,291.93,282.17
14/10/2012 17:00,284.97,287.39,289.19,286.14,292.04,292.08,290.04,293.97,283.88
14/10/2012 18:00,285.39,288.31,291.16,286.57,293.74,294.17,291.43,296.16,285.03
14/10/2012 19:00,285.54,288.72,292.4,287.38,295.23,294.9,292.35,297.3,286.38
14/10/2012 20:00,286.06,289.26,293.28,287.83,295.83,295.47,293.69,298.65,287.35
14/10/2012 21:00,286.63,289.73,294.06,287.85,295.98,295.52,294.58,299.44,287.73
14/10/2012 22:00,286.86,289.85,295.22,287.89,296.23,295.43,295.16,300.05,287.9
14/10/2012 23:00,286.93,290.26,295.17,288.28,296.52,295.18,295.28,300.37,287.74
15/10/2012 00:00,286.51,290.18,294.35,288.27,295.96,294.66,295.67,300.1,286.85
15/10/2012 01:00,286.34,289.78,292.49,288.16,294.66,293.04,294.33,298.6,285.79
15/10/2012 02:00,286.42,289.36,290.74,288.16,293.04,292.29,293.13,296.73,285.26
15/10/2012 03:00,286.55,288.77,290.05,287.92,291.88,291.69,291.92,295.34,284.54
15/10/2012 04:00,286.2,288.53,289.19,287.4,291.61,291.32,290.66,293.34,283.65
15/10/2012 05:00,286.44,287.18,288.72,287.28,291.02,290.83,289.91,292.32,281.93
15/10/2012 06:00,286.29,286.55,288.04,287.29,290.88,290.27,289.37,292.05,282.37
15/10/2012 07:00,286.29,286.13,287.62,287.53,290.05,289.7,288.75,291.38,280.27
15/10/2012 08:00,286.19,286.01,287.77,287.46,289.81,289.08,288.73,290.33,280.25
15/10/2012 09:00,286.25,286.33,287.44,287.42,289.3,288.74,288.6,289.72,280.1
15/10/2012 10:00,286.3,286.25,287.08,287.31,289.13,288.37,287.94,289.57,279.28
15/10/2012 11:00,286.49,286.06,286.93,287.42,288.58,287.96,288.06,289.26,278
15/10/2012 12:00,286.74,285.82,286.92,287.31,288.97,287.7,286.9,288.92,278.67
15/10/2012 13:00,286.54,286.17,287.08,287.37,288.77,288.12,286.995,287.38,278.96
15/10/2012 14:00,286.49,285.99,286.99,287.37,288.38,287.75,287.09,288.55,280.03
15/10/2012 15:00,286.48,286.41,286.79,287.71,289.75,289.54,289.13,291.91,283.25
15/10/2012 16:00,286.24,286.78,286.97,287.77,293.42,292.95,289.57,295.3,284.88
15/10/2012 17:00,286.58,287.68,288.28,288.3,297.24,296.64,291.51,298.39,287.02
15/10/2012 18:00,286.21,288.74,288.84,288.93,297.91,296.91,294.62,300.45,288.47
15/10/2012 19:00,286.58,289.52,290.8,289.36,300.54,299.72,296.15,301.14,289.95
15/10/2012 20:00,286.62,290.36,292.31,289.41,301.8,301.58,297.57,303.52,291.64
15/10/2012 21:00,286.64,290.7,293.66,289.28,301.27,300.27,299.55,305.61,292.74
15/10/2012 22:00,287.03,290.46,295.35,288.57,300.98,300.76,300.08,305.95,292.95
15/10/2012 23:00,287.11,290.52,296.08,288.28,300.57,300.06,300.3,306.25,292.36
16/10/2012 00:00,286.67,290.46,295.11,288.4,299.43,299.56,299.75,305.76,291.32
16/10/2012 01:00,286.49,289.74,294.19,287.98,298.56,298.19,298.27,303.69,288.6
16/10/2012 02:00,286.44,288.8,292.25,287.86,297.47,296.51,297.11,301,286.02
16/10/2012 03:00,286.71,288.73,290.74,287.61,296.27,295.35,294.62,298.89,285.7
16/10/2012 04:00,286.43,288.32,289.37,287.5,295.89,294.45,293.74,297.39,284.94
16/10/2012 05:00,286.04,287.96,288.96,287.34,294.98,293.39,293.58,296.87,284.5
16/10/2012 06:00,285.97,288.07,288.35,287.28,293.6,293.05,292.55,296.98,284
16/10/2012 07:00,285.43,287.96,287.92,286.96,292.89,292.97,291.55,295.25,283
16/10/2012 08:00,284.46,288.07,287.53,286.86,292.45,292.38,290.61,296.2,281.3
16/10/2012 09:00,283.85,288.25,287.16,286.79,291.91,292.02,289.37,294.64,280.86
16/10/2012 10:00,284.17,288.09,287.02,286.55,291.74,291.53,289.3,294.88,281.47
16/10/2012 11:00,283.89,287.84,286.94,286.19,291.45,291.52,288.48,294.38,281.52
16/10/2012 12:00,283.65,287.9,286.55,285.91,290.91,290.57,287.59,294.45,279.89
16/10/2012 13:00,283.55,287.67,286.34,285.58,290.55,290.05,287.09,292.29,279.77
16/10/2012 14:00,283.49,287.73,285.99,285.41,291.27,290.1,288.03,291.97,281.93
16/10/2012 15:00,283.76,287.9,286.35,284.66,292.5,293.6,289.59,295.85,285.3
16/10/2012 16:00,283.94,288.38,288.12,284.66,296.59,296.69,292.46,299.59,287.16
16/10/2012 17:00,284.37,289.09,289.09,285.66,299.76,298.63,294.91,302.32,288.9
16/10/2012 18:00,284.59,289.39,290.27,286.87,299.75,300.04,295.13,303.87,290.12
16/10/2012 19:00,285.23,289.83,293.19,287.98,301.47,300.98,298.6,305.92,292.55
16/10/2012 20:00,285.6,290.1,294.95,287.73,302.21,300.4,299.33,306.47,293.37
16/10/2012 21:00,285.5,290.04,295.94,287.63,301.87,301.18,300.5,307.22,294.21
16/10/2012 22:00,285.2,289.74,296.84,287.75,301.67,301.39,301.09,307.42,294.3
16/10/2012 23:00,285.17,290.05,297.4,287.42,301.5,300.89,301.11,307.16,293.99
17/10/2012 00:00,284.79,290.36,296.72,287.3,299.93,299.22,300.32,306.47,293.3
17/10/2012 01:00,284.65,290.36,295.59,287.25,298.51,295.86,298.81,304.1,291.67
17/10/2012 02:00,284.55,290.42,293.23,287.46,297.18,293.95,296.98,301.32,288.8
17/10/2012 03:00,284.81,290.42,292.35,287.86,295.88,293.18,297.42,299.85,288.16
17/10/2012 04:00,285.31,290.36,291.43,288.71,295.51,292.38,294.3,298.05,287.35
17/10/2012 05:00,285.58,290.05,291.2,288.99,294.29,291.68,293.83,296.74,286.13
17/10/2012 06:00,285.97,289.99,290.8,288.7,293.49,291.73,293.34,295.94,285.34
17/10/2012 07:00,285.68,289.93,290.76,287.56,292.42,291.08,291.72,294.96,285.16
17/10/2012 08:00,285.14,289.72,290.58,286.89,291.62,290.58,291.35,293.12,284.47
17/10/2012 09:00,285.57,288.28,290.54,286.13,291.02,289.93,290.33,292.9,283.09
17/10/2012 10:00,285.21,286.89,290.04,285.58,290.79,289.81,290.55,291.75,282.93
17/10/2012 11:00,285.2,286.42,289.9,284.74,290.57,289.34,290.37,290.71,283.37
17/10/2012 12:00,284.34,285.2,289.49,283.85,290.05,288.75,289.59,291.03,283.51
17/10/2012 13:00,283.61,284.88,289.55,283.73,289.62,288.75,288.85,290.56,283.08
17/10/2012 14:00,283.04,284.78,289.55,283.11,289.58,288.65,288.78,290.4,283.24
17/10/2012 15:00,282.77,284.35,289.86,282.87,290.55,290.72,289.16,293.72,284.66
17/10/2012 16:00,283.06,284.73,291.2,283.65,292.87,293.15,292.69,296.51,287.8
17/10/2012 17:00,284.62,285.7,291.79,285.35,293.68,293.95,293.59,298.58,289.2
17/10/2012 18:00,285.6,286.95,293.42,286.68,296.74,296.16,295.89,301.52,291.8
17/10/2012 19:00,285.65,287.43,295.37,286.79,299.67,297.39,297.4,302.4,293.63
17/10/2012 20:00,286.57,287.76,297.63,287.54,301.95,300.29,299.74,303.72,294.65
17/10/2012 21:00,287.15,288.04,297.93,288.79,301.47,300.57,300.65,304.88,295.27
17/10/2012 22:00,286.45,288.56,297.94,288.15,300.71,301.32,301.82,305.63,296.02
17/10/2012 23:00,286.36,288.16,297.63,287.34,300.51,301.44,302.67,306.08,296.07
18/10/2012 00:00,285,287.86,296.81,287.03,298.9,299.42,301.15,305.41,295.46
18/10/2012 01:00,284.19,286.37,295.48,285.66,298.94,297.92,300.13,303.21,291.76
18/10/2012 02:00,282.75,285.25,293.02,284.21,296.51,295.9,299.11,300.71,291.4
18/10/2012 03:00,282.59,284.45,291.51,283.88,295.56,294.52,297.31,299.3,291.45
18/10/2012 04:00,282.22,283.29,290.94,283.41,295.08,293.67,296.07,297.48,290.12
18/10/2012 05:00,282.23,281.72,290.22,282.71,294.25,292.64,295.43,295.75,288.31
18/10/2012 06:00,282.32,280.98,289.36,282.18,293.52,291.79,294.49,294.78,288.14
18/10/2012 07:00,281.99,280.33,289.09,281.79,293.07,291.03,293.62,293.73,287.19
18/10/2012 08:00,281.6,279.92,288.49,281.3,292.75,291.12,293.36,293.05,285.53
18/10/2012 09:00,281.43,279.6,288.12,280.55,291.87,290.86,293.63,292.57,286.46
18/10/2012 10:00,280.89,279.12,287.48,279.77,291.25,290.69,292.91,291.7,286.17
18/10/2012 11:00,280.57,279.27,286.75,279.43,290.5,289.65,291.24,291.3,285.68
18/10/2012 12:00,280.11,278.59,286.41,278.95,290.59,290.01,290.97,290.41,286.03
18/10/2012 13:00,280.22,278.58,286.11,278.77,290.52,290.19,291.145,289.78,286.01
18/10/2012 14:00,280.63,278.94,286.26,278.67,290.55,290.73,291.32,289.99,286.85
18/10/2012 15:00,280.48,279.11,286.55,279.02,291.55,294.03,293.34,294.42,288.42
18/10/2012 16:00,281.24,280.59,290.44,280.31,295.47,296.46,295.96,297.12,289.76
18/10/2012 17:00,281.61,281.67,292.98,281.7,299.45,301.72,296.18,299.76,290.55
18/10/2012 18:00,282.82,283.07,295.05,283.46,303.3,303.79,298.19,301.6,292.44
18/10/2012 19:00,283.73,285.44,296.93,284.8,305.07,306.2,299.01,303.27,293.33
18/10/2012 20:00,283.69,286.28,299.55,285.59,305.45,305.66,300.3,304.71,294.24
18/10/2012 21:00,283.76,287.55,300.37,286.69,306,305.45,300.95,305.43,294.41
18/10/2012 22:00,284.22,288.33,301.5,287.14,304.98,305.04,301.44,305.75,294.06
18/10/2012 23:00,284.67,288.39,301.62,286.84,304.65,304.94,301.33,305.72,293.64
19/10/2012 00:00,284.14,288.36,301.32,286.16,303.09,304.66,300.84,305.08,292.22
19/10/2012 01:00,283.65,286.82,298.73,285.52,302.44,302.12,299.2,302.87,290.43
19/10/2012 02:00,283.27,285,295.62,285.08,299.8,300.62,295.69,300.72,289.16
19/10/2012 03:00,283.28,284.21,293.75,284.53,298.79,298.61,293.5,299.17,288
19/10/2012 04:00,282.97,282.76,292.38,283.56,297.85,298.12,292.97,298.36,287.2
19/10/2012 05:00,282.98,281.57,291.39,282.69,296.77,297.97,292.45,295.56,285.84
19/10/2012 06:00,282.85,281.06,289.82,282.35,295.98,297.75,291.54,295.61,285.96
19/10/2012 07:00,282.51,280.4,288.78,282.09,295.22,298.33,290.88,294.79,285.14
19/10/2012 08:00,282.51,279.7,288.05,281.98,294.9,295.25,290.35,294.11,285.28
19/10/2012 09:00,282.51,279.44,287.59,281.49,294.3,295.06,289.78,293.58,284.7
19/10/2012 10:00,282.39,279.31,288.5,281.2,294.32,294.46,288.85,292.59,283.89
19/10/2012 11:00,282.51,279.39,287.45,280.84,294.89,293.91,288.44,291.97,283.44
19/10/2012 12:00,282.38,279.17,288.17,280.73,294.44,293.68,287.37,291.21,282.88
19/10/2012 13:00,282.44,279.22,288.03,280.31,294.72,293.54,287.41,291.62,282.7
19/10/2012 14:00,282.33,278.85,288.6,280.14,294.9,293.72,286.65,292.02,282.91
19/10/2012 15:00,282.43,278.37,289.74,280.13,294.88,294.15,288.77,294.07,285.25
19/10/2012 16:00,283.33,279.9,292.98,280.55,295.41,295.29,292.04,297.41,287.12
19/10/2012 17:00,283.17,282.48,295.65,284.49,295.76,295.83,294.56,299.16,288.39
19/10/2012 18:00,283.29,285.39,297.27,286.26,296.62,296.12,296.25,300.43,290.1
19/10/2012 19:00,283.77,287.19,299.28,288.12,297.44,296.68,297.61,301.57,291.53
19/10/2012 20:00,283.63,289.96,299.58,289.69,297.88,296.58,298.82,302.61,292.44
19/10/2012 21:00,283.27,291,299.88,290.57,298.37,296.29,299.78,303.61,294.04
19/10/2012 22:00,283.15,291.68,301.55,290.57,298.49,296.15,300.3,304.19,293.98
19/10/2012 23:00,282.81,291.42,302.26,289.93,298.53,295.89,300.37,304.37,293.45
20/10/2012 00:00,282.81,290.77,300.95,288.84,297.78,295.08,299.77,303.92,292.31
20/10/2012 01:00,282.92,288.96,298.22,288.16,296.38,294.71,298.9,301.96,290.21
20/10/2012 02:00,282.84,287.9,295.4,287.08,295.18,294.26,296.25,299.73,289.7
20/10/2012 03:00,283.18,287.34,294.21,285.39,294.89,293.79,294.04,298.27,288.73
20/10/2012 04:00,282.92,286.96,293.43,283.75,293.68,293.39,293.17,296.93,287.67
20/10/2012 05:00,283.34,285.9,292.78,283.78,293.27,292.56,292.82,295.55,287.07
20/10/2012 06:00,283.42,285.47,292.18,284.06,292.75,291.81,290.8,294.72,285.08
20/10/2012 07:00,283.39,285.8,291.77,284.84,292.15,291.26,290.57,294.7,284.06
20/10/2012 08:00,284.02,286,291.14,284.96,291.9,290.96,291.29,293.77,283.89
20/10/2012 09:00,284.17,285.85,290.77,285.81,291.81,290.63,288.58,292.82,283.54
20/10/2012 10:00,284.47,285.75,290.24,286.17,291.43,290.76,288.07,291.66,283.02
20/10/2012 11:00,284.77,285.48,290.14,286.78,290.97,289.84,287.86,291.31,283.08
20/10/2012 12:00,285.02,285.47,290.18,286.99,290.64,289.47,286.91,291.1,283.21
20/10/2012 13:00,284.96,285.42,290.24,287.15,290.46,289.18,286.04,289.75,282.57
20/10/2012 14:00,285.21,285.41,290.27,287.1,290.44,289.04,286.19,290.07,283.37
20/10/2012 15:00,284.48,284.84,290.08,286.47,291.17,291.3,288.52,293.61,284.98
20/10/2012 16:00,284.19,284.78,290.73,286.65,293.53,293.1,291.75,296.74,287.23
20/10/2012 17:00,284.87,284.94,290.9,286.54,294.84,294.66,294.25,299.66,288.8
20/10/2012 18:00,285.2,285.6,291.37,286.49,295.93,296.08,296.65,301.9,290.51
20/10/2012 19:00,284.83,286.08,292.31,286.53,296.77,296.54,297.81,303.22,292.21
20/10/2012 20:00,284.74,286.34,292.7,286.29,297.03,296.4,299.52,304.62,293.99
20/10/2012 21:00,284.34,286.87,293.45,286.02,297.14,296.47,300.89,305.47,295.18
20/10/2012 22:00,284.88,287.3,293.62,284.98,296.48,295.82,301.3,305.97,295.48
20/10/2012 23:00,284.69,287.35,293.1,284.69,296.03,295.1,301.19,305.68,295.14
21/10/2012 00:00,284.78,286.81,292.65,284.27,294.79,294.28,299.56,304.73,294.74
21/10/2012 01:00,283.13,286.29,290.71,283.17,293.36,293.23,297.835,302.77,292.23
21/10/2012 02:00,281.97,285.85,289.2,282.88,292.32,292.72,296.11,299.97,290.83
21/10/2012 03:00,282.22,285.06,288.25,282.63,292.27,292.64,294.34,298.48,288.28
21/10/2012 04:00,282.36,284.54,287.72,282.26,292.15,292.55,292.64,297.18,286.75
21/10/2012 05:00,281.76,284.78,287.14,281.56,291.88,292.55,291.51,295.73,284.8
21/10/2012 06:00,281.5125,284.24,287.07625,281.28375,291.8275,292.43125,290.9485714,295.04125,284.52625
21/10/2012 07:00,281.265,283.7,287.0125,281.0075,291.775,292.3125,290.3871429,294.3525,284.2525
21/10/2012 08:00,281.0175,283.16,286.94875,280.73125,291.7225,292.19375,289.8257143,293.66375,283.97875
21/10/2012 09:00,280.77,282.62,286.885,280.455,291.67,292.075,289.2642857,292.975,283.705
21/10/2012 10:00,280.5225,282.08,286.82125,280.17875,291.6175,291.95625,288.7028571,292.28625,283.43125
21/10/2012 11:00,280.275,281.54,286.7575,279.9025,291.565,291.8375,288.1414286,291.5975,283.1575
21/10/2012 12:00,280.0275,281,286.69375,279.62625,291.5125,291.71875,287.58,290.90875,282.88375
21/10/2012 13:00,279.78,280.46,286.63,279.35,291.46,291.6,289.039,290.22,282.61
21/10/2012 14:00,280.0622222,280.7566667,287.3311111,279.5466667,291.7766667,291.7511111,290.498,291.8455556,284.14
21/10/2012 15:00,280.3444444,281.0533333,288.0322222,279.7433333,292.0933333,291.9022222,291.957,293.4711111,285.67
21/10/2012 16:00,280.6266667,281.35,288.7333333,279.94,292.41,292.0533333,293.416,295.0966667,287.2
21/10/2012 17:00,280.9088889,281.6466667,289.4344444,280.1366667,292.7266667,292.2044444,294.875,296.7222222,288.73
21/10/2012 18:00,281.1911111,281.9433333,290.1355556,280.3333333,293.0433333,292.3555556,296.334,298.3477778,290.26
21/10/2012 19:00,281.4733333,282.24,290.8366667,280.53,293.36,292.5066667,297.793,299.9733333,291.79
21/10/2012 20:00,281.7555556,282.5366667,291.5377778,280.7266667,293.6766667,292.6577778,299.252,301.5988889,293.32
21/10/2012 21:00,282.0377778,282.8333333,292.2388889,280.9233333,293.9933333,292.8088889,300.711,303.2244444,294.85
21/10/2012 22:00,282.32,283.13,292.94,281.12,294.31,292.96,302.17,304.85,296.38
21/10/2012 23:00,281.9,283.28,292.27,280.59,293.8,292.45,302.4,304.74,295.95
22/10/2012 00:00,281.2125,282.325,290.8075,280.2975,293.3475,292.0325,301.1175,303.14,294.5275
22/10/2012 01:00,280.525,281.37,289.345,280.005,292.895,291.615,299.835,301.54,293.105
22/10/2012 02:00,279.8375,280.415,287.8825,279.7125,292.4425,291.1975,298.5525,299.94,291.6825
22/10/2012 03:00,279.15,279.46,286.42,279.42,291.99,290.78,297.27,298.34,290.26
22/10/2012 04:00,278.66,279.11,286.07,278.98,291.97,290.47,296.64,296.99,288.64
22/10/2012 05:00,278.64,279.29,285.67,279.12,292,290.6,295.45,296.42,287.51
22/10/2012 06:00,278.58,279.53,285.56,278.85,291.84,290.61,294.44,296.46,287.48
22/10/2012 07:00,278.42,279.47,285.29,278.91,291.69,290.57,294.04,296.48,287.06
22/10/2012 08:00,278.11,279.47,284.72,278.76,291.53,290.47,294.26,296.66,285.42
22/10/2012 09:00,278.06,279.51,284.2,278.94,291.47,290.5,293.88,294.75,284.88
22/10/2012 10:00,278.16,278.98,284.15,278.7,291.38,290.3,293.38,294.21,284.11
22/10/2012 11:00,278.21,278.52,284.04,278.65,291.32,290.32,292.964,293.18,283.6
22/10/2012 12:00,278.5825,278.165,283.805,278.4875,290.57,290.315,292.548,293.66,284.15
22/10/2012 13:00,278.955,277.81,283.57,278.325,289.82,290.31,292.132,294.14,284.7
22/10/2012 14:00,279.3275,277.455,283.335,278.1625,290.4166667,290.305,291.716,294.62,285.25
22/10/2012 15:00,279.7,277.1,283.1,278,291.0133333,290.3,291.3,295.1,285.8
22/10/2012 16:00,277.94,280,286.02,279.17,291.61,290.47,294.77,297.31,289.18
22/10/2012 17:00,278.14,280.61,286.95,279.97,292.32,290.75,294.77,298.95,289.71
22/10/2012 18:00,279.45,281.79,288.57,281.57,293.34,291.48,296.56,300.73,292
22/10/2012 19:00,279.95,282.51,289.83,282.33,294.33,292.08,297.93,301.75,292.89
22/10/2012 20:00,280.11,283.69,290.72,283.38,294.77,293.16,298.15,302.26,293.6
22/10/2012 21:00,280,284.96,290.57,283.53,295.42,292.9,299.38,303.42,294.49
22/10/2012 22:00,280.91,284.14,290.28,283.71,295.12,292.92,299.6,303.5,294.77
22/10/2012 23:00,280.68,284.03,290.46,281.83,294.52,292.81,299.16,303.04,294.62
23/10/2012 00:00,280.47,283.74,289.57,280.62,293.84,292.48,298.7,301.99,293.65
23/10/2012 01:00,280.23,282.24,287.8,279.79,292.57,291.78,296.94,300.37,290.56
23/10/2012 02:00,279.69,281.19,286.19,279.06,291.79,291.37,296.07,299.34,288.62
23/10/2012 03:00,279.37,280.77,285.87,278.34,291.31,291.22,295.35,298.45,289.04
23/10/2012 04:00,279.01,280.93,285.6,277.83,290.9,290.95,294.32,296.79,287.55
23/10/2012 05:00,278.91,280.93,286.19,277.34,290.52,290.87,294.58,295.84,288.79
23/10/2012 06:00,278.59,280.53,286.09,277.2,290.74,290.52,293.41,294.67,286.85
23/10/2012 07:00,278.38,280.53,285.83,277,290.65,290.35,292.52,293.71,287.08
23/10/2012 08:00,277.66,279.99,285.53,276.81,290.57,290.37,292.3,293.25,286.05
23/10/2012 09:00,277.56,279.64,284.97,276.7,290.42,290.23,291.81,291.92,285.36
23/10/2012 10:00,277.52,280.28,284.69,276.77,290.33,289.9,291.21,291.68,284.44
23/10/2012 11:00,277.08,280.31,284.66,276.83,290.13,289.9,291.67,290.94,282.79
23/10/2012 12:00,276.44,280.1,285.04,276.89,290.13,289.49,291.02,290.16,282.98
23/10/2012 13:00,276.07,280.36,285.49,277.07,290.08,289.54,290.76,289.88,282.25
23/10/2012 14:00,276.38,280.57,285.71,276.91,290.18,289.35,290.98,290.73,282.4
23/10/2012 15:00,276.49,280.59,285.89,277.61,290.3,289.82,291.94,292.78,285.09
23/10/2012 16:00,277.46,280.06,285.62,278.8,291.12,290.43,293.64,294.81,287.56
23/10/2012 17:00,279.29,279.99,285.97,278.89,291.89,291.57,295.22,296.47,289.18
23/10/2012 18:00,280.33,280.18,286.53,279.24,292.14,291.85,295.39,298.76,290.3
23/10/2012 19:00,281.77,280.52,287.8,279.6,293.28,292.48,296.92,299.81,291.02
23/10/2012 20:00,281.96,280.78,288.83,279.76,293.87,292.96,297.61,299.6,292.04
23/10/2012 21:00,282.4,281.89,289.34,279.83,293.56,293.14,299.11,300.69,292.95
23/10/2012 22:00,282.57,282.55,288.97,279.75,293.77,292.87,298.33,301.09,293.23
23/10/2012 23:00,282.25,282.86,288.94,279.53,293.3,292.53,297.97,301.29,293.06
24/10/2012 00:00,281.75,281.23,288.74,279.35,292.45,291.59,297.61,300.6,293.08
24/10/2012 01:00,281.08,280.59,287.8,279,291.27,290.57,296.22,299.36,290.46
24/10/2012 02:00,279.87,279.94,287.04,278.71,291.13,290.42,295.38,297.82,289.85
24/10/2012 03:00,279.84,280,286.07,278.62,290.67,290.46,294.85,296.34,289.35
24/10/2012 04:00,279.65,279.99,285.75,278.69,290.48,290.15,294.06,295.29,287.26
24/10/2012 05:00,279.5,279.46,285.56,278.83,290.23,289.48,293.08,293.81,286.43
24/10/2012 06:00,279.39,278.58,285.46,278.7,290.04,288.59,291.94,292.78,286.88
24/10/2012 07:00,279.33,278.35,285.35,279,290.19,287.82,291.15,292.44,285.61
24/10/2012 08:00,278.87,278.39,284.48,279.05,290.05,287.43,290.69,291.72,284.72
24/10/2012 09:00,278.91,278.48,283.83,279.05,289.53,287.27,290.13,291.12,283.39
24/10/2012 10:00,278.8,278.23,283.71,279.09,289.05,287.19,289.72,290.59,282.98
24/10/2012 11:00,278.74,278.57,283.38,278.83,288.65,287.36,288.95,289.53,283.42
24/10/2012 12:00,278.59,278.8,283.13,278.52,288.46,287.24,288.56,289.82,282.4
24/10/2012 13:00,278.72,279.04,283.29,278.59,288.4,287.02,288.14,289.77,280.82
24/10/2012 14:00,278.45,279.04,283.9,278.59,288.25,287.49,287.46,289.74,284.08
24/10/2012 15:00,278.45,279.16,283.49,278.43,288.43,288.09,288.07,292.92,287.06
24/10/2012 16:00,278.42,279.69,284.27,278.99,289.61,290.1,289.52,295.18,289.1
24/10/2012 17:00,278.66,280.42,286.22,280.52,290.63,291.23,291.23,296.94,291.31
24/10/2012 18:00,278.62,281.68,287.28,280.73,291.74,291.89,292.66,298.09,292.31
24/10/2012 19:00,278.82,281.73,287.97,281.41,292.53,292.89,292.88,299.17,293.41
24/10/2012 20:00,279.11,282.5,288.7,282.48,293.34,293.29,295.29,300.01,294.45
24/10/2012 21:00,279.74,283.19,288.99,282.59,293.65,293.15,296.01,300.8,294.99
24/10/2012 22:00,280.31,283.09,289.22,282.86,293.8,292.63,295.85,301.09,295.18
24/10/2012 23:00,280.6,283.19,289.54,282.76,293.76,292.17,295.63,300.6,294.67
25/10/2012 00:00,280.37,281.63,288.48,282.05,292.67,291.45,294.72,300.39,292.93
25/10/2012 01:00,280.11,280.85,287.34,281.37,291.71,290.52,293.49,298.69,291.35
25/10/2012 02:00,279.8,280.52,286.19,280.91,290.94,289.96,292.95,297.53,291.16
25/10/2012 03:00,279.99,280.37,285.29,280.22,290.12,289.33,292.08,296.15,290.45
25/10/2012 04:00,279.67,280.21,285.22,279.99,289.93,288.47,291.39,295.21,289.62
25/10/2012 05:00,280.15,280.16,285.11,280.17,289.26,287.74,290.9,294.42,289.43
25/10/2012 06:00,280.09,280.05,284.54,280.1,288.84,287.78,290.27,293.79,288.23
25/10/2012 07:00,280.02,280.1,284.21,280.08,288.18,287.26,289.58,292.61,287.77
25/10/2012 08:00,279.75,280.05,284.43,279.95,288.1,286.78,289.14,291.86,286.38
25/10/2012 09:00,279.33,279.99,284.83,279.9,287.81,286.68,288.67,291.21,285.53
25/10/2012 10:00,279.44,279.99,284.73,279.61,287.24,286.92,288.07,290.07,285.35
25/10/2012 11:00,279.2,279.99,284.58,279.4,286.76,286.54,287.8,289.64,283.65
25/10/2012 12:00,279.22,279.94,283.88,279.16,286.44,286.26,286.59,289.38,283.91
25/10/2012 13:00,279.28,279.94,283.7,279.23,286.53,285.73,285.76,288.53,284.88
25/10/2012 14:00,279.175,279.94,283.705,279.215,286.815,286.355,286.085,289.92,285.295
25/10/2012 15:00,279.07,279.94,283.71,279.2,287.1,286.98,286.41,291.31,285.71
25/10/2012 16:00,279.19,280.16,285.22,279.25,289.53,288.92,288.57,294.87,290.18
25/10/2012 17:00,279.61,280.68,286.86,279.88,291.24,291.06,290.27,296.92,291.62
25/10/2012 18:00,279.92,281.21,287.76,280.55,291.88,291.82,290.6,298.02,292.24
25/10/2012 19:00,279.65,282.19,289.15,282.12,293.85,292.96,292.42,298.86,293.63
25/10/2012 20:00,279.72,282.9,289.9,282.32,294.4,293.45,293.21,300.05,294.38
25/10/2012 21:00,279.88,283.2,290.31,283.37,294.11,293.65,294.58,300.06,295.49
25/10/2012 22:00,280.26,283.55,290.44,283.06,294.82,293.56,294.55,300.03,296.51
25/10/2012 23:00,280.17,282.9,290.56,283.06,294.73,293.18,294.52,299.87,295.88
26/10/2012 00:00,280.1,282.71,289.23,282.53,294.46,292.46,293.95,299.39,294.7
26/10/2012 01:00,280.17,281.2,287.9,281.25,293.27,291.38,292.13,297.02,292.31
26/10/2012 02:00,279.65,280.66,287.3,280.71,292.81,290.73,291.56,295.72,290.73
26/10/2012 03:00,279.75,280.5,287.23,279.98,292.19,289.93,289.7,294.24,289.78
26/10/2012 04:00,279.57,280.21,287.31,280.24,291.69,289.04,288.74,293.03,288.26
26/10/2012 05:00,279.53,279.97,286.95,279.73,291.17,287.93,287.36,291.83,287.02
26/10/2012 06:00,279.09,280.09,286.86,279.58,290.46,287.4,286.84,290.87,285.34
26/10/2012 07:00,278.76,280.19,286.59,279.44,289.83,286.55,286.29,288.88,282.72
26/10/2012 08:00,278.5,280.18,285.79,279.26,289.47,286.16,285.74,288.87,281.66
26/10/2012 09:00,278.46,279.78,285.59,278.91,289.23,285.47,285.55,287.9,280.66
26/10/2012 10:00,278.46,279.43,285.56,278.53,288.05,285.2,284.4,287.15,279.43
26/10/2012 11:00,278.68,278.95,285.54,278.75,287.87,285.03,284.41,286.65,278.58
26/10/2012 12:00,278.32,278.77,285.28,279.07,287.65,284.73,284.8,286.38,277.62
26/10/2012 13:00,278.21,278.55,285.36,279.07,284.94,284.77,283.55,285.55,277.43
26/10/2012 14:00,277.7,278.84,285.32,279.05,286.5,284.42,283.66,285.75,277.15
26/10/2012 15:00,277.66,278.5,285.06,278.98,289.08,286.33,284.57,288.79,279.37
26/10/2012 16:00,278.24,279.55,285.41,279.63,291.04,289.17,287.66,291.49,280.83
26/10/2012 17:00,278.95,280.33,285.89,280.23,293.62,292.39,289.89,294.62,282.56
26/10/2012 18:00,280.61,281.16,286.58,281.65,296.02,294.27,290.68,296.92,283.53
26/10/2012 19:00,281.51,281.91,287.74,282.5,296.56,294.69,290.79,298.39,284.14
26/10/2012 20:00,282.04,283.38,289.28,283.36,297.17,295.05,291.7,299.67,284.87
26/10/2012 21:00,282.3,284.44,290.5,283.65,297.97,295.05,293.49,300.82,286.19
26/10/2012 22:00,282.92,284.84,291.2,284.21,298.09,295.44,293.91,300.99,286.95
26/10/2012 23:00,282.61,284.6,291.9,283.85,298.08,295.15,293.58,301.32,286.78
27/10/2012 00:00,282.15,283.83,290.84,283.32,297.15,294.78,293.46,300.19,286.77
27/10/2012 01:00,280.83,282.53,289.69,282.3,295.8,293.18,291.84,298.25,282.77
27/10/2012 02:00,280.41,280.39,288.32,281.13,295.61,291.97,289.26,295.64,280.26
27/10/2012 03:00,280.26,279.8,287.39,280.82,294.93,291.28,288.08,293.85,279.47
27/10/2012 04:00,280.2,279.85,286.57,280.77,293.95,290.23,288.48,293.3,278.57
27/10/2012 05:00,280.13,279.44,285.42,280.3,292.74,289.07,289.4,291.93,278.96
27/10/2012 06:00,280.14,279.79,284.54,279.95,292.5,288.34,288.65,291.47,277.77
27/10/2012 07:00,280.14,279.97,284.08,280,292.09,287.83,287.92,292.52,278.37
27/10/2012 08:00,279.9,279.97,283.76,280.06,290.62,287.11,286.83,292.99,275.09
27/10/2012 09:00,279.88,280.26,283.3,279.81,289.94,286.3,285.92,292.13,275.3
27/10/2012 10:00,279.89,280.21,283.05,279.7,289.21,286.68,285.54,292.77,275.46
27/10/2012 11:00,279.88,280.5,282.69,279.86,288.86,286.72,284.67,291.87,274.71
27/10/2012 12:00,279.77,280.84,282.61,279.97,288.7,287.22,284.28,291.18,273.08
27/10/2012 13:00,279.62,280.66,282.34,280.05,288.67,287.21,283.87,291.1,272.75
27/10/2012 14:00,279.54,280.49,282.65,280,288.22,287.69,283.46,290.39,273.61
27/10/2012 15:00,279.54,280.63,284.77,280.49,288.96,291.04,284.52,291.92,273.82
27/10/2012 16:00,279.53,281.18,286.89,280.69,292.96,294.39,285.58,293.45,277.03
27/10/2012 17:00,279.37,281.37,288.66,280.86,296.23,298.24,286.71,295.19,278.48
27/10/2012 18:00,279.83,281.55,289.91,280.91,298.71,300.01,288.7,297.01,277.73
27/10/2012 19:00,280.38,281.85,291.42,280.93,300.21,301.42,289.78,298.37,280.43
27/10/2012 20:00,280.94,282.26,292.76,281.26,301.6,301.97,290.57,299.83,281.56
27/10/2012 21:00,281.49,283.09,293.77,281.77,301.94,301.02,291.22,300.5,282.46
27/10/2012 22:00,281.87,284.5,293.65,282.57,301.97,301.07,291.94,300.92,282.43
27/10/2012 23:00,281.6,284.86,294.21,282.35,302.53,300.37,291.83,301.05,282.13
28/10/2012 00:00,281.18,285.25,293.68,281.54,301.16,299.87,290.24,300.34,282.64
28/10/2012 01:00,280.87,284.82,292.45,281.45,299.62,297.49,289.845,298.02,281.93
28/10/2012 02:00,280.39,283.91,290.56,281.41,297.86,295.51,289.45,295.67,280.32
28/10/2012 03:00,280.35,283.83,289.05,282.01,296.37,293.98,287.62,295.38,279.47
28/10/2012 04:00,280.26,282.91,288.16,282.65,295.38,293,286.93,294.96,274.55
28/10/2012 05:00,280.14,283.42,287.66,283.24,294.72,291.89,285.77,293.29,275.2
28/10/2012 06:00,279.88,283.07,286.99,283.4,293.48,290.83,285.46,292.77,273.7
28/10/2012 07:00,279.94,282.54,286.47,283.4,292.7,289.98,284.47,292.57,272.98
28/10/2012 08:00,280.03,282.43,286.27,283.69,291.78,289.38,284.21,290.46,272.57
28/10/2012 09:00,279.88,282.55,285.91,283.68,291.13,289.53,283.5,289.79,272.51
28/10/2012 10:00,279.88,281.85,285.59,283.87,290.11,288.86,283.56,289.35,272.61
28/10/2012 11:00,279.8,281.96,285.42,283.87,289.34,288.11,282.92,289.24,271.57
28/10/2012 12:00,279.88,282.13,285.33,283.69,289.29,288.22,283.03,288.33,271.52
28/10/2012 13:00,279.83,282.31,285.07,283.14,289.25,287.74,282.09,288.02,271.39
28/10/2012 14:00,279.57,282.25,285.14,282.9,289.29,287.06,281.58,287.22,272.01
28/10/2012 15:00,279.53,282.54,285.31,282.61,289.92,289.33,283.18,290.34,274.8
28/10/2012 16:00,279.62,282.72,288.34,282.5,293.93,294.33,286.53,293.61,277.29
28/10/2012 17:00,280.13,283.13,290.59,282.33,297.52,298.08,289.25,296.57,279.12
28/10/2012 18:00,280.36,283.43,292.37,282.24,300.05,300.59,291,298.19,280.95
28/10/2012 19:00,281.35,283.67,293.77,282.38,301.79,302.2,292.46,299.66,282.39
28/10/2012 20:00,281.62,283.85,295.33,282.44,302.38,303.18,293.91,300.64,283.65
28/10/2012 21:00,281.68,284.38,296.89,282.62,303.74,302.37,295.24,301.43,285.15
28/10/2012 22:00,281.55,284.96,298.06,282.87,303.47,301.21,295.8,302.12,285.87
28/10/2012 23:00,281.35,285.38,297.11,282.87,302.38,300.51,296.06,302.16,285.83
29/10/2012 00:00,281.3,285.8,296.12,282.87,301.16,299.97,295.23,301.32,284.86
29/10/2012 01:00,281.3,286.49,295.41,282.76,299.13,296.72,294.56,299.07,283.78
29/10/2012 02:00,281.16,287.09,292.64,282.81,296.71,294.27,292.48,296.75,282.24
29/10/2012 03:00,281.52,288.18,290.91,283.62,295.22,291.95,290.41,294.62,280.24
29/10/2012 04:00,281.59,288.13,289.73,284.67,294.16,291.37,289.07,293.86,280.47
29/10/2012 05:00,281.71,288.13,289.01,285.27,292.98,290.08,288.52,291.86,280.19
29/10/2012 06:00,281.59,288.19,288.43,286.47,291.99,290.19,287.71,291.21,279.43
29/10/2012 07:00,281.59,288.19,288.2,286.56,291.22,288.61,286.34,291.38,278.35
29/10/2012 08:00,281.59,288.3,287.83,286.56,290.15,288.21,285.69,290.33,278.75
29/10/2012 09:00,281.66,288.19,287.72,286.46,289.46,287.87,285.1,289.93,278.47
29/10/2012 10:00,281.66,288.07,287.21,286.35,288.93,287.91,285.55,289.21,276.82
29/10/2012 11:00,281.71,287.83,286.53,285.93,288.74,288.35,283.99,288.47,277.97
29/10/2012 12:00,281.66,287.49,286.25,285.41,288.15,286.44,284.43,288.39,279.23
29/10/2012 13:00,281.67,287.31,286.24,284.92,288.68,287.48,283.9,286.75,277.29
29/10/2012 14:00,281.61,287.26,285.69,284.66,287.86,286.38,283.58,286.42,276.94
29/10/2012 15:00,281.59,287.25,285.58,284.29,288.43,288.88,284.78,290.31,279.8
29/10/2012 16:00,281.59,287.21,288.48,284.77,292.74,293.76,287.68,294.47,283
29/10/2012 17:00,282.89,288.07,290.52,285.26,296.06,297.16,291.08,297.33,284.8
29/10/2012 18:00,283.09,288.31,292.13,285.59,299.51,298.72,291.45,299.71,285.56
29/10/2012 19:00,284.52,288.43,293.62,286.27,300.26,299.46,295.35,301.53,287.02
29/10/2012 20:00,285.04,288.19,294.37,286.75,300.62,299.74,296.7,303,288.12
29/10/2012 21:00,285.94,287,296.33,286.78,300.68,298.85,297.92,303.86,289.18
29/10/2012 22:00,285.41,285.97,296.76,286.88,300.22,298.83,298.22,304.12,289.74
29/10/2012 23:00,285.25,285.9,296.85,286.57,299.39,298.96,298.12,304.11,289.42
30/10/2012 00:00,284.85,285.9,295.26,286.38,298.32,297.72,297.63,302.99,289.31
30/10/2012 01:00,284.09,285.96,293.29,285.81,296.57,295.64,296.49,300.31,286.34
30/10/2012 02:00,283.45,286.08,290.03,285.53,294.76,293.31,292.63,297.84,284.83
30/10/2012 03:00,283.32,286.79,288.86,284.69,293.56,291.36,290.99,295.56,284.09
30/10/2012 04:00,283.25,287.98,288.17,284.38,292.14,290.12,289.74,293.68,282.79
30/10/2012 05:00,283.34,288.72,287.62,284.01,291.23,289.02,288.01,292.92,282.47
30/10/2012 06:00,282.86,288.83,287.06,283.65,290.24,288.47,287.28,291.67,283.46
30/10/2012 07:00,282.64,288.77,286.74,283.65,289.35,288.07,286.26,291.73,281.75
30/10/2012 08:00,282.53,288.65,286.38,283.58,288.84,287.25,286.42,290.51,281.29
30/10/2012 09:00,282.48,288.35,285.79,283.78,288.31,287.14,285.32,289.41,280.25
30/10/2012 10:00,282.48,288.37,285.57,284.1,287.38,286.86,285.16,288.52,280.19
30/10/2012 11:00,282.23,288.37,285.58,285.23,286.77,286.87,283.61,287.48,280.01
30/10/2012 12:00,281.95,288.02,284.85,285.72,286.64,287.06,283.54,286.79,278.66
30/10/2012 13:00,281.79,288.13,284.99,286.68,286.51,286.95,283.51,286.7,279.76
30/10/2012 14:00,281.45,288.13,284.76,287.09,286.52,285.66,283.63,286.63,280.43
30/10/2012 15:00,281.41,288.24,284.73,287.08,287.41,288.23,284.81,289.9,282.24
30/10/2012 16:00,281.36,288.18,286.08,286.98,290.9,291.4,288.08,294.27,285.44
30/10/2012 17:00,281.8,288.78,286.75,287.31,293.85,294.96,290.54,296.89,287.7
30/10/2012 18:00,282.19,289.09,288.33,287.64,295.9,297.63,293.69,299.64,288.81
30/10/2012 19:00,283.21,289.57,288.73,287.92,296.04,298.23,294.07,300.34,289.48
30/10/2012 20:00,283.19,290.31,290.8,287.81,298.62,298.8,297.09,302.89,291.69
30/10/2012 21:00,284.19,290.49,292.17,288.09,299.31,298.77,297.46,304.05,292.22
30/10/2012 22:00,284.69,290.85,294.91,288.27,299.19,297.47,298.91,304.56,293.06
30/10/2012 23:00,284.9,290.71,295.14,288.14,297.82,295.92,298.73,304.26,292.85
31/10/2012 00:00,284.93,289.82,294.21,287.58,295.85,294.52,296.56,303.19,291.85
31/10/2012 01:00,284.73,288.99,291.84,286.5,293.81,292.78,293.65,300.56,289.27
31/10/2012 02:00,284.28,288.35,288.52,286.1,291.93,290.78,292.685,298.46,288.46
31/10/2012 03:00,284.64,286.5,287.87,285.85,290.82,289.44,291.72,295.69,287.24
31/10/2012 04:00,284.84,286.73,287.34,285.58,290.23,288.8,290.92,294.1,286.06
31/10/2012 05:00,284.49,286.9,286.95,285.34,289.5,288.12,288.57,292.96,284.55
31/10/2012 06:00,284.68,286.97,286.05,285.46,288.88,287.64,288.12,291.83,283.75
31/10/2012 07:00,284.63,286.92,285.77,285.53,288.3,286.65,287.2,291.72,283.81
31/10/2012 08:00,284.78,286.8,285.49,285.53,287.31,286.19,286.4,291.27,282.18
31/10/2012 09:00,284.55,286.61,285.45,285.46,287.45,286.05,286.18,290.05,281.5
31/10/2012 10:00,284.6,286.61,284.85,285.23,287.36,285.85,286.06,289.01,281.02
31/10/2012 11:00,284.42,286.55,284.64,285.15,286.51,285.27,285.78,287.76,280.74
31/10/2012 12:00,284.26,286.55,284.4,285.16,286.35,285.23,284.8,286.75,280.15
31/10/2012 13:00,284.12,286.79,284.3,285.16,286.35,285.01,283.88,285.99,279.26
31/10/2012 14:00,284.08,287.14,284.55,285.16,285.63,284.97,283.46,286.36,279.68
31/10/2012 15:00,284.04,287.03,284.42,285.23,285.89,286.06,284.78,289.3,283.38
31/10/2012 16:00,284.2,287.13,285.56,285.24,288.03,289.17,288.56,293.47,286.13
31/10/2012 17:00,284.5,287.27,286.65,285.54,291.93,291.77,291.05,296.23,287.33
31/10/2012 18:00,284.55,287.67,287.46,285.89,294.06,295.15,292.35,298.61,288.93
31/10/2012 19:00,284.65,288.02,288.47,286.32,294.67,295.53,296.06,300.68,291.37
31/10/2012 20:00,284.79,288.2,289.6,286.81,295.45,295.05,297.085,302.34,292.59
31/10/2012 21:00,284.36,288.2,290.48,287.07,296.46,296.26,298.11,303.15,293.41
31/10/2012 22:00,284.23,288.2,291.01,286.93,296.27,295.94,299.22,303.79,293.37
31/10/2012 23:00,284.14,288.31,291.81,286.52,295.87,294.45,298.77,303.64,292.76
01/11/2012 00:00,283.84,288.31,290.99,286.4,294.64,292.84,298.09,302.56,291.23
01/11/2012 01:00,284.13,288.07,289.13,286.3,292.72,291.21,296.49,300.57,289.31
01/11/2012 02:00,284.12,287.76,288.03,286.36,291.12,290.28,293.27,297.51,286.17
01/11/2012 03:00,284.12,287.6,287.69,286.51,290.66,289.21,291.67,294.68,285.94
01/11/2012 04:00,284.06,287.59,287.1,286.92,290.04,288.19,290.62,293.52,286.49
01/11/2012 05:00,284.05,287.37,287.01,286.68,289.18,287.61,289.44,291.55,284.14
01/11/2012 06:00,284.05,287.28,286.71,286.61,288.38,287.1,288.2,291.23,282.32
01/11/2012 07:00,284,287.22,286.95,286.5,287.67,286.8,287.07,290.76,282.51
01/11/2012 08:00,283.89,287.01,287.07,286.33,287.55,287.75,287.03,289.98,282.18
01/11/2012 09:00,283.68,286.86,287.27,286.27,287.29,288.22,285.8,288.57,280.76
01/11/2012 10:00,283.63,286.65,287.22,286.27,287.28,288.38,285.22,288.31,280.8
01/11/2012 11:00,283.64,286.43,287.15,286.05,287.32,288.12,284.74,287.03,280.84
01/11/2012 12:00,283.43,286.43,287.22,286.09,286.37,287.36,284.44,286.1,280.06
01/11/2012 13:00,283.29,286.38,287.22,285.94,286.26,286.74,283.47,285.45,279.58
01/11/2012 14:00,283.29,286.21,287.29,285.73,286.39,286.84,283.31,286.04,278.85
01/11/2012 15:00,283.29,286.33,287.37,285.73,287.15,287.61,284.78,289.58,281.67
01/11/2012 16:00,283.34,286.37,287.35,285.9,287.9,288.05,288.66,293.27,285.94
01/11/2012 17:00,283.46,286.6,288.21,286.18,289.47,289.4,291.05,296.12,287.96
01/11/2012 18:00,283.62,286.61,289.08,286.38,290.97,291.47,294.18,298.74,289.86
01/11/2012 19:00,284.2,286.81,289.55,287.02,292.27,292.85,295.34,300.4,291.45
01/11/2012 20:00,284.45,286.7,289.79,287.01,293.2,293.62,297.59,301.78,292.48
01/11/2012 21:00,284.64,286.81,289.79,286.99,293.62,293.43,297.81,302.43,292.73
01/11/2012 22:00,284.67,286.81,289.9,286.98,294.25,293.55,299.47,303.28,292.9
01/11/2012 23:00,284.8,286.21,289.98,287.03,294.1,293.75,299.41,303.02,292.3
02/11/2012 00:00,284.49,286.06,290.02,286.63,292.93,292.37,298.25,302.46,289.24
02/11/2012 01:00,284.22,285.89,289.56,286.34,291.62,290.63,295.39,299.9,286.97
02/11/2012 02:00,284.63,285.37,288.83,285.8,289.94,289.87,293.42,296.96,285.31
02/11/2012 03:00,284.68,285.35,288.75,285.51,289.05,289.23,291.96,294.11,281.78
02/11/2012 04:00,284.54,285.1,288.54,284.93,288.42,289.28,290.9,292.88,283.85
02/11/2012 05:00,284.49,285.05,288.37,284.83,288.13,289.29,289.47,291.82,281.13
02/11/2012 06:00,284.07,285.05,288.09,284.82,287.56,288.94,288.64,291.12,276.15
02/11/2012 07:00,284.14,284.94,288.12,284.9,287.07,289.14,287.33,290.09,276.15
02/11/2012 08:00,284.2,285.14,287.77,284.69,286.67,289.19,287.03,289.63,276.15
02/11/2012 09:00,284.15,285.15,287.82,284.62,286.58,289.15,286.78,289.48,276.15
02/11/2012 10:00,283.89,284.99,287.58,284.42,286.42,289.1,286.81,289.05,278.1
02/11/2012 11:00,284.02,285.09,287.65,284.52,286.94,288.92,285.73,288.4,277.54
02/11/2012 12:00,284.09,284.89,287.65,284.26,287.25,288.7,285.82,286.93,277.39
02/11/2012 13:00,283.97,284.87,287.73,284.11,287.2,288.68,285.26,285.44,276
02/11/2012 14:00,283.7,285,287.72,284.11,287.39,288.7,286,285.55,277.25
02/11/2012 15:00,283.59,284.31,287.76,283.81,287.45,288.86,286.58,289.28,280.34
02/11/2012 16:00,283.51,284.31,287.77,284.01,287.87,289.12,288.67,292.72,286.05
02/11/2012 17:00,283.89,284.79,288.46,284.64,288.63,290.35,290.75,296.22,288.01
02/11/2012 18:00,284.16,285.74,289.43,285.07,289.73,291.42,293.2,298.12,290.07
02/11/2012 19:00,284.33,286.64,289.8,285.54,290.26,291.74,293.64,299.22,290.84
02/11/2012 20:00,285.13,287.57,290.75,286.02,291.91,292.75,296.94,301.88,292.41
02/11/2012 21:00,284.93,287.8,291.28,286.8,292.51,293.18,297.38,302.87,292.42
02/11/2012 22:00,284.77,288.66,291.66,286.64,292.58,293.51,299.21,303.65,292.81
02/11/2012 23:00,284.66,288.71,291.42,286.4,292.6,291.63,298.77,303.64,292.22
03/11/2012 00:00,284.46,288.12,291.09,286.13,291.66,290.42,297.96,302.41,290.37
03/11/2012 01:00,284.49,287.42,289.5,285.72,290.31,289.67,296,300.35,289.46
03/11/2012 02:00,284.34,286.71,287.8,285.52,289.84,289.01,295.27,296.96,286.56
03/11/2012 03:00,284.19,286.19,287.08,285.1,289.06,288.63,294,295.31,286.4
03/11/2012 04:00,284.18,285.79,286.42,285.04,288.4,288.16,292.14,293.41,283.2
03/11/2012 05:00,284.18,285.72,285.49,284.99,287.14,288.67,291.7,292.04,283.71
03/11/2012 06:00,284.18,285.2,285.07,284.74,286.55,288.97,290.73,291.38,283.15
03/11/2012 07:00,284.05,285.08,284.42,284.69,286.33,288.96,289.85,290.84,281.55
03/11/2012 08:00,283.77,284.31,284.02,284.64,285.37,288.89,289.14,290.26,283.15
03/11/2012 09:00,283.94,283.79,283.18,284.64,285.46,288.96,287.83,289.87,278.47
03/11/2012 10:00,283.84,283.2,282.98,284.65,286.12,288.89,286.7,289.35,280.7
03/11/2012 11:00,283.94,282.85,282.43,284.32,286.54,288.85,286.29,288.66,279.98
03/11/2012 12:00,283.9,282.79,281.97,284.3,286.75,288.74,285.05,288.13,278.85
03/11/2012 13:00,283.97,282.98,281.97,284.4,286.99,288.72,284.8,287.89,278.43
03/11/2012 14:00,284.02,282.97,282.3,284.2,287.34,288.67,283.12,287.93,278.26
03/11/2012 15:00,284.13,282.8,282.71,283.72,287.59,288.74,285.24,289.77,282.41
03/11/2012 16:00,284.5,283.66,284.9,284.06,288.62,289.49,288.53,292.13,286.13
03/11/2012 17:00,284.84,284.61,287.32,284.67,289.93,290.62,291.5,295.64,288.23
03/11/2012 18:00,285.05,285.48,288.83,285.43,291.09,291.41,293.92,298.18,289.95
03/11/2012 19:00,285.55,286.51,289.55,286.38,291.73,291.96,294.3,299.36,290.86
03/11/2012 20:00,285.77,287.77,290.7,287.3,292.48,292.47,295.68,300.66,291.6
03/11/2012 21:00,286.26,287.6,291.75,287.28,293.16,293.09,297,301.8,292.34
03/11/2012 22:00,286.78,287.04,291.28,287.52,293.88,292.68,297.24,302.49,292.06
03/11/2012 23:00,286.43,286.01,290.51,287.08,294.1,292.58,297.18,302.46,291.25
04/11/2012 00:00,285.98,285.74,289.89,285.9,293.06,291.64,296.42,301.5,289.45
04/11/2012 01:00,285.77,285.43,288.86,285.72,291.69,290.38,295.49,298.63,285.77
04/11/2012 02:00,285.23,285.1,287.61,285.12,290.11,289.53,292.04,297.05,286.07
04/11/2012 03:00,284.69,285.05,286.49,284.83,289.5,288.43,290.28,294.36,285.84
04/11/2012 04:00,284.26,284.95,286.1,284.95,289.07,287.54,289.17,293.42,285.14
04/11/2012 05:00,284.26,284.89,285.27,284.88,288.31,286.89,288.65,292.85,283.58
04/11/2012 06:00,284.57,284.79,284.48,284.35,288.24,286.5,289.35,292.05,282.16
04/11/2012 07:00,284.57,284.74,284.09,284.35,287.8,285.98,286.89,290.51,280.82
04/11/2012 08:00,284.38,284.85,283.54,284.42,287.08,285.56,286.31,290.32,280.68
04/11/2012 09:00,284.05,284.74,283.4,284.45,286.44,285.39,285.72,289.05,281.26
04/11/2012 10:00,283.95,284.765,283.235,284.515,286.035,285.03,284.965,288.55,280.835
04/11/2012 11:00,283.85,284.79,283.07,284.58,285.63,284.67,284.21,288.05,280.41
04/11/2012 12:00,283.94,284.96,283.26,284.58,285.24,285.03,284.15,287.06,279.42
04/11/2012 13:00,283.94,284.96,283.17,284.45,284.81,285,283.32,286.69,279.11
04/11/2012 14:00,283.78,285.12,283.68,284.51,284.85,284.87,282.59,286.35,279.38
04/11/2012 15:00,283.88,285.22,284.41,284.65,285,285.77,284.56,289.47,279.16
04/11/2012 16:00,284.48,285.54,286.23,284.7,288.49,289.15,288.05,293.36,283.53
04/11/2012 17:00,284.45,286.12,288.72,285.07,291.16,291.17,290.65,295.49,285.59
04/11/2012 18:00,284.14,286.45,289.46,285.39,291.26,291.66,291.3,296.68,286.95
04/11/2012 19:00,284.19,287.14,290.72,285.82,293.36,294.1,293.88,298.59,288.81
04/11/2012 20:00,284.19,288.26,292.8,286.1,295.51,295.51,296.11,300.92,289.87
04/11/2012 21:00,284.19,288.7,293.68,286.62,296.84,294.93,296.22,301.81,290.95
04/11/2012 22:00,284.57,289.13,294.31,286.9,296.75,294.34,297.02,302.38,290.57
04/11/2012 23:00,284.15,289.14,294.63,287.09,296.21,294.24,296.99,302.36,289.97
05/11/2012 00:00,284.37,288.98,294.36,286.87,295.18,293.25,297.74,301.17,288.01
05/11/2012 01:00,284.28,288.33,292.43,286.65,292.93,291.66,295.25,298.74,284.57
05/11/2012 02:00,284.15,287.91,291.06,286.35,292.6,290.81,292.42,296.66,283.51
05/11/2012 03:00,284.43,287.49,289.79,285.99,291.34,289.54,291,294.85,282.11
05/11/2012 04:00,284.11,287.18,288.87,285.88,290.43,289.25,290.33,293.03,281.69
05/11/2012 05:00,283.97,287.13,288.33,285.58,289.57,288.77,290.81,293.02,282.43
05/11/2012 06:00,283.77,286.81,287.69,285.58,289.18,288.05,289.23,292.12,281.36
05/11/2012 07:00,283.82,286.77,286.94,285.39,288.62,287.84,286.48,291.33,279.33
05/11/2012 08:00,283.75,286.62,286.73,285.46,287.97,287.46,287.13,290.77,280.12
05/11/2012 09:00,283.6,286.92,286.29,285.46,286.64,287.15,286.22,291.3,279.4
05/11/2012 10:00,283.7,286.71,285.74,285.46,285.72,287.05,286.76,290,278.36
05/11/2012 11:00,283.8,286.66,285.68,285.19,286.21,286.72,287.05,290.57,278.56
05/11/2012 12:00,283.75,286.71,285.55,285.19,286.72,285.62,285.92,289.01,277.7
05/11/2012 13:00,283.81,286.82,285.43,285.11,287,285.05,284.81,287.52,279.8
05/11/2012 14:00,283.75,286.92,285.27,285.35,285.74,285.93,284.81,287.34,277.49
05/11/2012 15:00,283.75,286.98,285.32,285.62,285.8,287.08,284.55,289.25,279.81
05/11/2012 16:00,283.63,287.27,286.74,285.89,286.8,289.21,288.43,291.04,283.66
05/11/2012 17:00,284.28,287.57,289.62,286.22,291.57,294.63,290.445,294.86,285.28
05/11/2012 18:00,284.55,288.56,291.55,286.69,296.47,297.81,292.46,297.1,287.16
05/11/2012 19:00,284.72,289.12,292.75,287.33,300.5,300.9,296,300.43,288.8
05/11/2012 20:00,285.12,290.88,293.53,288.37,301.77,301.66,296.415,304.14,289.66
05/11/2012 21:00,285.61,292.29,295.535,288.32,302.79,302.085,296.83,303.375,290.16
05/11/2012 22:00,286.1,293.7,297.54,288.27,303.81,302.51,296.83,302.61,290.66
05/11/2012 23:00,286.1,293.7,297.54,288.27,303.81,302.51,296.83,302.61,290.66
06/11/2012 00:00,286.1,293.7,291.48,288.71,303.81,302.51,296.83,302.61,290.66
06/11/2012 01:00,286.1,293.7,294.51,288.49,303.81,302.51,296.83,302.61,290.66
06/11/2012 02:00,286.1,293.7,297.54,288.27,303.81,302.51,296.83,302.61,290.66
06/11/2012 03:00,286.1,293.7,297.54,288.27,303.81,302.51,296.83,302.61,290.66
06/11/2012 04:00,286.1,293.7,297.54,288.27,303.81,302.51,296.83,302.61,290.66
06/11/2012 05:00,286.1,293.7,297.54,288.27,303.81,302.51,296.83,302.61,290.66
06/11/2012 06:00,286.1,293.7,297.54,288.27,303.81,302.51,296.83,302.61,290.66
06/11/2012 07:00,286.09,287.72,288.78,287.41,293.73,294.91,291.11,291.99,278.42
06/11/2012 08:00,286.09,287.72,288.78,287.41,293.73,294.91,291.11,291.99,278.42
06/11/2012 09:00,286.09,287.72,288.78,287.41,293.73,294.91,291.11,291.99,278.42
06/11/2012 10:00,286.09,287.72,288.78,287.41,293.73,294.91,291.11,291.99,278.42
06/11/2012 11:00,286.09,287.72,288.78,287.41,293.73,294.91,291.11,291.99,278.42
06/11/2012 12:00,286.09,287.72,288.78,287.41,293.73,294.91,291.11,291.99,278.42
06/11/2012 13:00,283.14,284.83,288.21,282.38,293.4,295.45,289.57,291.28,281.75
06/11/2012 14:00,283.14,284.83,288.21,282.38,293.4,295.45,289.57,291.28,281.75
06/11/2012 15:00,283.14,284.83,288.21,282.38,293.4,295.45,289.57,291.28,281.75
06/11/2012 16:00,283.14,284.83,288.21,282.38,293.4,295.45,289.57,291.28,281.75
06/11/2012 17:00,283.3066667,285.9,290.3633333,284,297.06,298.4133333,292.505,294.7966667,284.495
06/11/2012 18:00,283.4733333,286.97,292.5166667,285.62,300.72,301.3766667,295.44,298.3133333,287.24
06/11/2012 19:00,283.64,287.58,294.67,286.01,304.38,304.34,297.12,301.83,288.71
06/11/2012 20:00,284.12,288.41,295.98,285.81,306.01,304.13,298.57,303.23,289.94
06/11/2012 21:00,284.21,288.51,296.39,286.41,305.34,303.31,299.78,303.59,290.56
06/11/2012 22:00,284.78,289.19,297.68,286.38,305,302.01,300.43,304.41,290.88
06/11/2012 23:00,284.76,289.56,299.06,286.11,303.09,299.81,299.88,304.43,290.5
07/11/2012 00:00,284.05,289.07,298.21,285.19,302.5,298.14,298.9,303.16,288.93
07/11/2012 01:00,283.25,287.74,296.22,284.09,299.46,295.47,297.92,300.93,286.8
07/11/2012 02:00,283.02,286.68,294.78,283.7,297.73,294.06,295.07,298.28,285.84
07/11/2012 03:00,282.96,285.3,293.03,283.33,296.2,292.64,293.44,295.75,285.18
07/11/2012 04:00,282.69,284.62,292.46,282.91,294.86,291.46,292.83,295.01,284.6
07/11/2012 05:00,282.21,284.22,291.36,282.68,294.39,290.95,291.79,292.77,284.27
07/11/2012 06:00,281.83,284.53,290.03,281.78,292.88,290.78,291.17,291.75,283.96
07/11/2012 07:00,281.43,284.32,289.2,281.58,291.62,289.24,290.59,291.46,281.72
07/11/2012 08:00,281.56,284.32,288.63,281.52,290.73,288.98,289.77,291.5,281.68
07/11/2012 09:00,281.67,284.06,287.89,281.24,289.94,287.87,288.08,291.1,280.98
07/11/2012 10:00,281.77,284.1,287.22,280.94,289.98,287.9,288.09,290.4,281.01
07/11/2012 11:00,281.67,284.17,286.56,280.81,289.27,287.43,287.71,289.18,279.94
07/11/2012 12:00,281.68,283.95,286.07,280.94,288.78,287.4,287.23,288.25,280.96
07/11/2012 13:00,281.78,284.06,285.98,280.39,288.24,286.69,285.71,287.42,279.98
07/11/2012 14:00,281.72,284.16,285.3,280.33,288.09,286.04,285.71,286.95,279.53
07/11/2012 15:00,281.77,284.33,286.08,280.29,288.66,287.21,289.72,289.56,282.94
07/11/2012 16:00,281.83,284.48,288.27,280.63,292.25,290.78,291.575,293.32,286
07/11/2012 17:00,282.01,285.07,291.26,281.48,294.74,292.99,293.43,296.67,287.58
07/11/2012 18:00,281.88,285.27,293.53,282.6,296.99,294.73,296.04,299.63,289.52
07/11/2012 19:00,281.2,285.64,294.47,283.93,298.61,294.37,296.37,301.64,290.45
07/11/2012 20:00,281.31,285.91,295.76,284.57,299.55,296.76,298.79,302.94,292.15
07/11/2012 21:00,281.51,286.29,296.02,285.49,299.56,296.79,299.17,303.59,292.39
07/11/2012 22:00,281.82,286.93,297,285.48,299.38,297,299.52,304.14,292.25
07/11/2012 23:00,281.86,286.87,297.76,285.49,298.39,296.21,299.42,304.57,292.29
08/11/2012 00:00,282.17,286.81,297.58,285.39,296.48,294.86,299.92,303.35,289.34
08/11/2012 01:00,282.39,286.49,295.41,285.12,294.13,292.93,296.82,300.95,284.48
08/11/2012 02:00,282.33,286.01,293.15,284.92,292.95,290.78,294.41,297.78,285.09
08/11/2012 03:00,282.92,285.85,290.84,284.52,292.23,289.91,292.82,295.94,283.53
08/11/2012 04:00,282.95,285.59,289.84,284.24,291.29,289.27,291.43,294.56,282.79
08/11/2012 05:00,282.98,285.49,289.03,283.69,290.89,288.9,291.43,293.17,282.74
08/11/2012 06:00,283.22,285.05,287.92,283.24,290.04,288.86,289.88,292.15,282.72
08/11/2012 07:00,282.95,284.62,287.42,282.99,289.88,288.69,287.96,291.2,282
08/11/2012 08:00,282.53,283.81,286.68,282.63,289.7,288.46,287.87,290.76,281.33
08/11/2012 09:00,282.02,282.33,285.97,282.22,289.22,288.3,287.02,290.22,279.29
08/11/2012 10:00,281.07,281.56,285.78,281.52,289.01,288.19,286.02,288.79,279.29
08/11/2012 11:00,280.67,280.94,285.36,281.13,288.61,287.89,286.18,287.97,279.98
08/11/2012 12:00,280.23,280.69,284.97,280.97,288.52,287.22,284.91,287.52,277.04
08/11/2012 13:00,279.99,280.34,284.81,280.17,288.78,285.43,284.93,287.2,277.05
08/11/2012 14:00,279.49,279.28,284.57,280.5,288.61,286.09,284.14,286.81,277.4
08/11/2012 15:00,279.47,278.95,284.62,280.46,288.81,286.61,285.24,289.89,281.88
08/11/2012 16:00,279.46,279.18,285.4,279.97,288.71,287.36,288.54,293.46,285.77
08/11/2012 17:00,280.79,280.71,285.82,281.05,289.38,288.84,290.31,293.6,287.18
08/11/2012 18:00,281.66,282.67,286.86,282.09,291.12,289.8,292.08,297.72,288.71
08/11/2012 19:00,282.8,284.26,287.75,283.33,292,291.62,294.52,299.39,290.19
08/11/2012 20:00,282.97,284.45,287.85,284.25,293.07,292.35,296.37,301.41,291.03
08/11/2012 21:00,282.91,284.97,288.33,284.09,294.02,293.44,297.85,302.68,292.22
08/11/2012 22:00,282.97,284.47,289.53,284.56,294.58,293.22,298.99,304.04,292.6
08/11/2012 23:00,282.67,283.78,289.64,284.52,294.05,293.21,298.78,304.01,292.11
09/11/2012 00:00,281.52,283.52,288.16,283.18,293.12,292.08,297.51,301.96,289.46
09/11/2012 01:00,280.86,282.71,287.46,282.21,291.07,290.76,296.63,299.72,286.77
09/11/2012 02:00,280.12,281.3,287,281.3,289.94,289.8,294.35,297.32,284.49
09/11/2012 03:00,280.06,279.79,286.92,280.41,289.77,288.87,293.48,295.54,285.25
09/11/2012 04:00,279.54,279.22,286.47,279.81,289.08,288.56,291.48,293.83,284.57
09/11/2012 05:00,279.03,278.73,286.13,278.91,288.79,288.73,291.075,291.96,284.13
09/11/2012 06:00,278.92,278.85,286.09,278.35,288.19,288.72,290.67,290.45,282.6
09/11/2012 07:00,278.58,277.72,285.99,278.4,288.42,288.93,291.32,289.85,281.85
09/11/2012 08:00,278.05,276.74,285.92,276.98,288.71,288.98,288.43,289.2,281.7
09/11/2012 09:00,277.58,276.62,285.77,276.62,288.76,288.78,288.21,289.94,279.8
09/11/2012 10:00,277.14,276.58,285.77,276.43,288.9,288.93,289.7,289.93,279.58
09/11/2012 11:00,276.61,276.78,285.23,275.91,288.95,289.06,289.11,288.75,278.81
09/11/2012 12:00,276.73,277.31,284.85,275.33,288.93,289.19,289.69,287.92,279.6
09/11/2012 13:00,276.94,277.5,284.59,275.79,288.94,288.84,288.89,287.44,279.08
09/11/2012 14:00,276.94,277.35,284.4,275.61,288.55,287.97,289.95,287.2,277.6
09/11/2012 15:00,276.96,277.82,284.65,275.48,288.32,287.88,289.66,288.02,280.96
09/11/2012 16:00,277.11,277.83,285.61,275.97,288.6,288.43,292.11,290.66,284.08
09/11/2012 17:00,277.83,278.62,286.71,277.69,289.76,290.8,294.01,296.73,284.99
09/11/2012 18:00,279.42,279.69,287.13,279.27,289.91,290.97,294.71,297.23,287.63
09/11/2012 19:00,281.02,280.44,288.25,280.21,290.93,291.38,296.26,300.02,290.17
09/11/2012 20:00,281.46,280.65,288.04,280.61,291.66,291.55,297.37,301.26,290.14
09/11/2012 21:00,281.83,281.03,285.99,281.14,291.07,291.69,297.46,301.53,290.8
09/11/2012 22:00,281.92,281.61,285.64,281.6,290.58,291.47,297.08,300.52,290.95
09/11/2012 23:00,282.4,281.71,285.47,281.72,289.56,291.35,296.29,299.4,290.04
10/11/2012 00:00,281.9,281.39,285.4,281.11,289.15,290.85,295.65,298.9,288.59
10/11/2012 01:00,280.59,280.15,284.83,280.12,288.87,290.27,294.74,297.51,286.91
10/11/2012 02:00,279.91,279.2,283.45,279.39,288.67,290.05,294.28,295.41,285.85
10/11/2012 03:00,279.07,278.36,283.12,278.98,288.67,289.77,294.21,293.39,284.57
10/11/2012 04:00,278.74,278.18,282.58,278.67,288.38,289.33,292.2,292.72,283.53
10/11/2012 05:00,278.58,278.09,281.88,277.13,288.63,289.05,291.855,291.83,281.3
10/11/2012 06:00,278.01,277.68,281.67,276.92,288.44,288.67,291.51,290.73,282.1
10/11/2012 07:00,277.24,277.04,281.36,276.54,288.24,288.21,291.18,290.27,281.97
10/11/2012 08:00,277.31,276.78,281.04,276.47,287.9,288.11,290.32,289.85,281.07
10/11/2012 09:00,277.11,276.61,280.92,276.25,287.45,287.6,289.59,289.66,280.95
10/11/2012 10:00,276.49,276.68,280.84,275.84,286.88,287.4,288.79,292.19,280.46
10/11/2012 11:00,275.6,276.83,280.56,275.53,286.17,287.5,288.52,292.57,282.02
10/11/2012 12:00,275.29,276.82,280.15,275.21,285.65,287.4,287.83,291.36,281.24
10/11/2012 13:00,275,276.05,279.89,275.15,285.55,287.14,287.8,290.52,279.86
10/11/2012 14:00,275.19,276.25,279.16,274.44,285.87,287.2,287.24,290.34,280.84
10/11/2012 15:00,274.99,276.45,279.07,274.2,285.84,287.15,287.05,291.5,283.37
10/11/2012 16:00,275.37,276.98,281.19,274.06,286.98,288,286.94,293.94,285.1
10/11/2012 17:00,276.31,277.04,283.67,275.87,287.87,288.64,286.94,294.64,285.26
10/11/2012 18:00,277.97,277.73,284.86,278.06,288.57,289.18,287,295.25,285.25
10/11/2012 19:00,279.05,278.26,285.69,278.86,289.35,289.39,287.5,296.26,285.33
10/11/2012 20:00,280.16,279,285.95,280.09,289.9,289.26,288.14,296.25,287.17
10/11/2012 21:00,280.36,279.5,286.34,280.8,289.9,289.2,288.3,296.14,285
10/11/2012 22:00,280.87,279.9,286.52,280.7,289.98,289.22,288.76,296.41,282.37
10/11/2012 23:00,280.47,279.74,286.12,280.51,289.57,288.88,288.24,295.83,282.59
11/11/2012 00:00,279.68,279.61,285.6,279.68,288.82,288.36,287.97,294.87,281.89
11/11/2012 01:00,278.62,278.7,284.51,278.02,287.56,287.52,285.76,294.19,280.55
11/11/2012 02:00,277.64,277.4,283.23,276.69,287.02,286.71,285.24,293.6,283.18
11/11/2012 03:00,277.97,276.88,282.57,276.07,286.42,285.69,284.36,292.3,282.62
11/11/2012 04:00,277.75,276.18,282.31,275.57,285.91,285.95,283.71,290.98,281.53
11/11/2012 05:00,277.52,276.3,281.85,275.12,285.56,285.82,282.57,289.98,281.08
11/11/2012 06:00,277.14,276.03,281.62,274.52,284.91,285.89,281.36,288.05,281.13
11/11/2012 07:00,277.11,276.45,281.29,274.28,284.26,285.84,280.1,286.81,281.99
11/11/2012 08:00,276.91,276.45,280.91,274.11,283.43,285.48,279.52,286.66,281.28
11/11/2012 09:00,276.15,276.24,280.98,273.86,282.83,285.39,279.66,286.27,282.43
11/11/2012 10:00,275.99,275.86,281.14,273.19,281.97,285.26,279.14,285.86,282.43
11/11/2012 11:00,275.86,275.81,280.55,272.91,281.45,285.13,279.13,285.41,281.89
11/11/2012 12:00,275.7,275.56,280.66,272.49,281.4,285.05,279.13,284.85,282.47
11/11/2012 13:00,275.65,275.18,280.22,272.31,280.87,284.79,278.33,284.11,282.09
11/11/2012 14:00,275.27,275.12,280.76,272.35,280.2,284.5,278.27,283.05,281.9
11/11/2012 15:00,274.57,275.08,280.87,272.51,280.26,284.82,277.99,283.8,282.1
11/11/2012 16:00,274.53,275.45,282.58,273.09,283.68,286.17,280.33,285.77,280.33
11/11/2012 17:00,275.35,275.92,284.52,273.93,286.31,287.83,282.27,287.02,278.83
11/11/2012 18:00,276.19,276.88,285.86,275.38,287.53,288.21,282.75,288.13,278.07
11/11/2012 19:00,278.04,277.42,286.29,278.02,288.52,289.19,284.45,288.27,278.98
11/11/2012 20:00,278.23,277.94,286.86,278.85,289,289.25,284.88,288.6,277.85
11/11/2012 21:00,278.8,278.6,286.92,279.51,289.22,289.15,284.66,288.91,277.72
11/11/2012 22:00,278.49,279.42,287.39,279.96,289.63,289.28,283.08,288.52,277.48
11/11/2012 23:00,278.7,279.46,287.19,279.72,289.33,288.96,283.75,288.34,277.44
12/11/2012 00:00,277.81,279.14,286.49,278.54,288.49,287.82,283.34,287.23,276.15
12/11/2012 01:00,276.02,277.92,284.82,277.19,287.93,286.92,282.51,286.86,274.69
12/11/2012 02:00,274.94,277.28,283.65,276.36,287.23,286.88,282.2,285.85,273.83
12/11/2012 03:00,274.02,275.62,282.17,274.8,286.13,285.7,280.93,284.17,272.76
,,,,,,,,,
,,,,,,,,,
,,,,,,,,,
,,,,,,,,,
,,,,,,,,,
,,,,,,,,,
,,,,,,,,,
,,,,,,,,,
,,,,,,,,,
,,,,,,,,,
,,,,,,,,,
,,,,,,,,,
,,,,,,,,,
,,,,,,,,,
,,,,,,,,,
,,,,,,,,,
,,,,,,,,,
,,,,,,,,,
,,,,,,,,,
,,,,,,,,,
,,,,,,,,,
,,,,,,,,,
,,,,,,,,,
,,,,,,,,,
,,,,,,,,,
,,,,,,,,,
,,,,,,,,,
,,,,,,,,,
,,,,,,,,,
,,,,,,,,,
,,,,,,,,,
,,,,,,,,,
,,,,,,,,,
,,,,,,,,,
,,,,,,,,,
,,,,,,,,,
,,,,,,,,,
,,,,,,,,,
,,,,,,,,,
,,,,,,,,,
,,,,,,,,,
,,,,,,,,,
,,,,,,,,,
,,,,,,,,,
,,,,,,,,,
,,,,,,,,,
,,,,,,,,,
,,,,,,,,,
,,,,,,,,,
,,,,,,,,,
,,,,,,,,,
,,,,,,,,,
,,,,,,,,,
,,,,,,,,,
,,,,,,,,,
,,,,,,,,,
,,,,,,,,,
,,,,,,,,,
,,,,,,,,,
,,,,,,,,,
,,,,,,,,,
,,,,,,,,,
,,,,,,,,,
,,,,,,,,,
,,,,,,,,,
,,,,,,,,,
,,,,,,,,,
,,,,,,,,,
,,,,,,,,,
,,,,,,,,,
,,,,,,,,,
,,,,,,,,,
,,,,,,,,,
,,,,,,,,,
,,,,,,,,,
,,,,,,,,,
,,,,,,,,,
,,,,,,,,,
,,,,,,,,,
,,,,,,,,,
,,,,,,,,,
,,,,,,,,,
,,,,,,,,,
,,,,,,,,,
,,,,,,,,,
,,,,,,,,,
,,,,,,,,,
,,,,,,,,,
,,,,,,,,,
,,,,,,,,,
,,,,,,,,,
,,,,,,,,,
,,,,,,,,,
,,,,,,,,,
,,,,,,,,,
,,,,,,,,,
,,,,,,,,,
,,,,,,,,,
,,,,,,,,,
,,,,,,,,,
,,,,,,,,,
,,,,,,,,,
,,,,,,,,,
,,,,,,,,,
,,,,,,,,,
,,,,,,,,,
,,,,,,,,,
,,,,,,,,,
,,,,,,,,,
,,,,,,,,,
,,,,,,,,,
,,,,,,,,,
,,,,,,,,,
,,,,,,,,,
,,,,,,,,,
,,,,,,,,,
,,,,,,,,,
,,,,,,,,,
,,,,,,,,,
,,,,,,,,,
,,,,,,,,,
,,,,,,,,,
,,,,,,,,,
,,,,,,,,,
,,,,,,,,,
,,,,,,,,,
,,,,,,,,,
,,,,,,,,,
,,,,,,,,,
,,,,,,,,,
,,,,,,,,,
,,,,,,,,,
,,,,,,,,,
,,,,,,,,,
,,,,,,,,,
,,,,,,,,,
,,,,,,,,,
,,,,,,,,,
,,,,,,,,,
,,,,,,,,,
,,,,,,,,,
,,,,,,,,,
,,,,,,,,,
,,,,,,,,,
,,,,,,,,,
,,,,,,,,,
,,,,,,,,,
,,,,,,,,,
,,,,,,,,,
,,,,,,,,,
,,,,,,,,,
,,,,,,,,,
,,,,,,,,,
,,,,,,,,,
,,,,,,,,,
,,,,,,,,,
,,,,,,,,,
,,,,,,,,,
,,,,,,,,,
,,,,,,,,,
,,,,,,,,,
,,,,,,,,,
,,,,,,,,,
,,,,,,,,,
,,,,,,,,,
,,,,,,,,,
,,,,,,,,,
,,,,,,,,,
,,,,,,,,,
,,,,,,,,,
,,,,,,,,,
,,,,,,,,,
,,,,,,,,,
,,,,,,,,,
,,,,,,,,,
,,,,,,,,,
,,,,,,,,,
,,,,,,,,,
,,,,,,,,,
,,,,,,,,,
,,,,,,,,,
,,,,,,,,,
,,,,,,,,,
,,,,,,,,,
,,,,,,,,,
,,,,,,,,,
,,,,,,,,,
,,,,,,,,,
,,,,,,,,,
,,,,,,,,,
,,,,,,,,,
,,,,,,,,,
,,,,,,,,,
,,,,,,,,,
,,,,,,,,,
,,,,,,,,,
,,,,,,,,,
,,,,,,,,,
,,,,,,,,,
,,,,,,,,,
,,,,,,,,,
,,,,,,,,,
,,,,,,,,,
,,,,,,,,,
,,,,,,,,,
,,,,,,,,,
,,,,,,,,,
,,,,,,,,,
,,,,,,,,,
,,,,,,,,,
,,,,,,,,,
,,,,,,,,,
,,,,,,,,,
,,,,,,,,,
,,,,,,,,,
,,,,,,,,,
,,,,,,,,,
,,,,,,,,,
,,,,,,,,,
,,,,,,,,,
,,,,,,,,,
,,,,,,,,,
,,,,,,,,,
,,,,,,,,,
,,,,,,,,,
,,,,,,,,,
,,,,,,,,,
,,,,,,,,,
,,,,,,,,,
,,,,,,,,,
,,,,,,,,,
,,,,,,,,,
,,,,,,,,,
,,,,,,,,,
,,,,,,,,,
,,,,,,,,,
,,,,,,,,,
,,,,,,,,,
,,,,,,,,,
,,,,,,,,,
,,,,,,,,,
,,,,,,,,,
,,,,,,,,,
,,,,,,,,,
,,,,,,,,,
,,,,,,,,,
,,,,,,,,,
,,,,,,,,,
,,,,,,,,,
,,,,,,,,,
,,,,,,,,,
,,,,,,,,,
,,,,,,,,,
,,,,,,,,,
,,,,,,,,,
,,,,,,,,,
,,,,,,,,,
,,,,,,,,,
,,,,,,,,,
,,,,,,,,,
,,,,,,,,,
,,,,,,,,,
,,,,,,,,,
,,,,,,,,,
,,,,,,,,,
,,,,,,,,,
,,,,,,,,,
,,,,,,,,,
,,,,,,,,,
,,,,,,,,,
,,,,,,,,,
,,,,,,,,,
,,,,,,,,,
,,,,,,,,,
,,,,,,,,,
,,,,,,,,,
,,,,,,,,,
,,,,,,,,,
,,,,,,,,,
,,,,,,,,,
,,,,,,,,,
,,,,,,,,,
,,,,,,,,,
,,,,,,,,,
,,,,,,,,,
,,,,,,,,,
,,,,,,,,,
,,,,,,,,,
,,,,,,,,,
,,,,,,,,,
,,,,,,,,,
,,,,,,,,,
,,,,,,,,,
,,,,,,,,,
,,,,,,,,,
,,,,,,,,,
,,,,,,,,,
,,,,,,,,,
,,,,,,,,,
,,,,,,,,,
,,,,,,,,,
,,,,,,,,,
,,,,,,,,,
,,,,,,,,,
,,,,,,,,,
,,,,,,,,,
,,,,,,,,,
,,,,,,,,,
,,,,,,,,,
,,,,,,,,,
,,,,,,,,,
,,,,,,,,,
,,,,,,,,,
,,,,,,,,,
,,,,,,,,,
,,,,,,,,,
,,,,,,,,,
,,,,,,,,,
,,,,,,,,,
,,,,,,,,,
,,,,,,,,,
,,,,,,,,,
,,,,,,,,,
,,,,,,,,,
,,,,,,,,,
,,,,,,,,,
,,,,,,,,,
,,,,,,,,,
,,,,,,,,,
,,,,,,,,,
,,,,,,,,,
,,,,,,,,,
,,,,,,,,,
,,,,,,,,,
,,,,,,,,,
,,,,,,,,,
,,,,,,,,,
,,,,,,,,,
,,,,,,,,,
,,,,,,,,,
,,,,,,,,,
,,,,,,,,,
,,,,,,,,,
,,,,,,,,,
,,,,,,,,,
,,,,,,,,,
,,,,,,,,,
,,,,,,,,,
,,,,,,,,,
,,,,,,,,,
,,,,,,,,,
,,,,,,,,,
,,,,,,,,,
,,,,,,,,,
,,,,,,,,,
,,,,,,,,,
,,,,,,,,,
,,,,,,,,,
,,,,,,,,,
,,,,,,,,,
,,,,,,,,,
,,,,,,,,,
,,,,,,,,,
,,,,,,,,,
,,,,,,,,,
,,,,,,,,,
,,,,,,,,,
,,,,,,,,,
,,,,,,,,,
,,,,,,,,,
,,,,,,,,,
,,,,,,,,,
,,,,,,,,,
,,,,,,,,,
,,,,,,,,,
,,,,,,,,,
,,,,,,,,,
,,,,,,,,,
,,,,,,,,,
,,,,,,,,,
,,,,,,,,,
,,,,,,,,,
,,,,,,,,,
,,,,,,,,,
,,,,,,,,,
,,,,,,,,,
,,,,,,,,,
,,,,,,,,,
,,,,,,,,,
,,,,,,,,,
,,,,,,,,,
,,,,,,,,,
,,,,,,,,,
,,,,,,,,,
,,,,,,,,,
,,,,,,,,,
,,,,,,,,,
,,,,,,,,,
,,,,,,,,,
,,,,,,,,,
,,,,,,,,,
,,,,,,,,,
,,,,,,,,,
,,,,,,,,,
,,,,,,,,,
,,,,,,,,,
,,,,,,,,,
,,,,,,,,,
,,,,,,,,,
,,,,,,,,,
,,,,,,,,,
,,,,,,,,,
,,,,,,,,,
,,,,,,,,,
,,,,,,,,,
,,,,,,,,,
,,,,,,,,,
,,,,,,,,,
,,,,,,,,,
,,,,,,,,,
,,,,,,,,,
,,,,,,,,,
,,,,,,,,,
,,,,,,,,,
,,,,,,,,,
,,,,,,,,,
,,,,,,,,,
,,,,,,,,,
,,,,,,,,,
,,,,,,,,,
,,,,,,,,,
,,,,,,,,,
,,,,,,,,,
,,,,,,,,,
,,,,,,,,,
,,,,,,,,,
,,,,,,,,,
,,,,,,,,,
,,,,,,,,,
,,,,,,,,,
,,,,,,,,,
,,,,,,,,,
,,,,,,,,,
,,,,,,,,,
,,,,,,,,,
,,,,,,,,,
,,,,,,,,,
,,,,,,,,,
,,,,,,,,,
,,,,,,,,,
,,,,,,,,,
,,,,,,,,,
,,,,,,,,,
,,,,,,,,,
,,,,,,,,,
,,,,,,,,,
,,,,,,,,,
,,,,,,,,,
,,,,,,,,,
,,,,,,,,,
,,,,,,,,,
,,,,,,,,,
,,,,,,,,,
,,,,,,,,,
,,,,,,,,,
,,,,,,,,,
,,,,,,,,,
,,,,,,,,,
,,,,,,,,,
,,,,,,,,,
,,,,,,,,,
,,,,,,,,,
,,,,,,,,,
,,,,,,,,,
,,,,,,,,,
,,,,,,,,,
,,,,,,,,,
,,,,,,,,,
,,,,,,,,,
,,,,,,,,,
,,,,,,,,,
,,,,,,,,,
,,,,,,,,,
,,,,,,,,,
,,,,,,,,,
,,,,,,,,,
,,,,,,,,,
,,,,,,,,,
,,,,,,,,,
,,,,,,,,,
,,,,,,,,,
,,,,,,,,,
,,,,,,,,,
,,,,,,,,,
,,,,,,,,,
,,,,,,,,,
,,,,,,,,,
,,,,,,,,,
,,,,,,,,,
,,,,,,,,,
,,,,,,,,,
,,,,,,,,,
,,,,,,,,,
,,,,,,,,,
,,,,,,,,,
,,,,,,,,,
,,,,,,,,,
,,,,,,,,,
,,,,,,,,,
,,,,,,,,,
,,,,,,,,,
,,,,,,,,,
,,,,,,,,,
,,,,,,,,,
,,,,,,,,,
,,,,,,,,,
,,,,,,,,,
,,,,,,,,,
,,,,,,,,,
,,,,,,,,,
,,,,,,,,,
,,,,,,,,,
,,,,,,,,,
,,,,,,,,,
,,,,,,,,,
,,,,,,,,,
,,,,,,,,,
,,,,,,,,,
,,,,,,,,,
,,,,,,,,,
,,,,,,,,,
,,,,,,,,,
,,,,,,,,,
,,,,,,,,,
,,,,,,,,,
,,,,,,,,,
,,,,,,,,,
,,,,,,,,,
,,,,,,,,,
,,,,,,,,,
,,,,,,,,,
,,,,,,,,,
,,,,,,,,,
,,,,,,,,,
,,,,,,,,,
,,,,,,,,,
,,,,,,,,,
,,,,,,,,,
,,,,,,,,,
,,,,,,,,,
,,,,,,,,,
,,,,,,,,,
,,,,,,,,,
,,,,,,,,,
,,,,,,,,,
,,,,,,,,,
,,,,,,,,,
,,,,,,,,,
,,,,,,,,,
,,,,,,,,,
,,,,,,,,,
,,,,,,,,,
,,,,,,,,,
,,,,,,,,,
,,,,,,,,,
,,,,,,,,,
,,,,,,,,,
,,,,,,,,,
,,,,,,,,,
,,,,,,,,,
,,,,,,,,,
,,,,,,,,,
,,,,,,,,,
,,,,,,,,,
,,,,,,,,,
,,,,,,,,,
,,,,,,,,,
,,,,,,,,,
,,,,,,,,,
,,,,,,,,,
,,,,,,,,,
,,,,,,,,,
,,,,,,,,,
,,,,,,,,,
,,,,,,,,,
,,,,,,,,,
,,,,,,,,,
,,,,,,,,,
,,,,,,,,,
,,,,,,,,,
,,,,,,,,,
,,,,,,,,,
,,,,,,,,,
,,,,,,,,,
,,,,,,,,,
,,,,,,,,,
,,,,,,,,,
,,,,,,,,,
,,,,,,,,,
,,,,,,,,,
,,,,,,,,,
,,,,,,,,,
,,,,,,,,,
,,,,,,,,,
,,,,,,,,,
,,,,,,,,,
,,,,,,,,,
,,,,,,,,,
,,,,,,,,,
,,,,,,,,,
,,,,,,,,,
,,,,,,,,,
,,,,,,,,,
,,,,,,,,,
,,,,,,,,,
,,,,,,,,,
,,,,,,,,,
,,,,,,,,,
,,,,,,,,,
,,,,,,,,,
,,,,,,,,,
,,,,,,,,,
,,,,,,,,,
,,,,,,,,,
,,,,,,,,,
,,,,,,,,,
,,,,,,,,,
,,,,,,,,,
,,,,,,,,,
,,,,,,,,,
,,,,,,,,,
,,,,,,,,,
,,,,,,,,,
,,,,,,,,,
,,,,,,,,,
,,,,,,,,,
,,,,,,,,,
,,,,,,,,,
,,,,,,,,,
,,,,,,,,,
,,,,,,,,,
,,,,,,,,,
,,,,,,,,,
,,,,,,,,,
,,,,,,,,,
,,,,,,,,,
,,,,,,,,,
,,,,,,,,,
,,,,,,,,,
,,,,,,,,,
,,,,,,,,,
,,,,,,,,,
,,,,,,,,,
,,,,,,,,,
,,,,,,,,,
,,,,,,,,,
,,,,,,,,,
,,,,,,,,,
,,,,,,,,,
,,,,,,,,,
,,,,,,,,,
,,,,,,,,,
,,,,,,,,,
,,,,,,,,,
,,,,,,,,,
,,,,,,,,,
,,,,,,,,,
,,,,,,,,,
,,,,,,,,,
,,,,,,,,,
,,,,,,,,,
,,,,,,,,,
,,,,,,,,,
,,,,,,,,,
,,,,,,,,,
,,,,,,,,,
,,,,,,,,,
,,,,,,,,,
,,,,,,,,,
,,,,,,,,,
,,,,,,,,,
,,,,,,,,,
,,,,,,,,,
,,,,,,,,,
,,,,,,,,,
,,,,,,,,,
,,,,,,,,,
,,,,,,,,,
,,,,,,,,,
,,,,,,,,,
,,,,,,,,,
,,,,,,,,,
,,,,,,,,,
,,,,,,,,,
,,,,,,,,,
,,,,,,,,,
,,,,,,,,,
,,,,,,,,,
,,,,,,,,,
,,,,,,,,,
,,,,,,,,,
,,,,,,,,,
,,,,,,,,,
,,,,,,,,,
,,,,,,,,,
,,,,,,,,,
,,,,,,,,,
,,,,,,,,,
,,,,,,,,,
,,,,,,,,,
,,,,,,,,,
,,,,,,,,,
,,,,,,,,,
,,,,,,,,,
,,,,,,,,,
,,,,,,,,,
,,,,,,,,,
,,,,,,,,,
,,,,,,,,,
,,,,,,,,,
,,,,,,,,,
,,,,,,,,,
,,,,,,,,,
,,,,,,,,,
,,,,,,,,,
,,,,,,,,,
,,,,,,,,,
,,,,,,,,,
,,,,,,,,,
,,,,,,,,,
,,,,,,,,,
,,,,,,,,,
,,,,,,,,,
,,,,,,,,,
,,,,,,,,,
,,,,,,,,,
,,,,,,,,,
,,,,,,,,,
,,,,,,,,,
,,,,,,,,,
,,,,,,,,,
,,,,,,,,,
,,,,,,,,,
,,,,,,,,,
,,,,,,,,,
,,,,,,,,,
,,,,,,,,,
,,,,,,,,,
,,,,,,,,,
,,,,,,,,,
,,,,,,,,,
,,,,,,,,,
,,,,,,,,,
,,,,,,,,,
,,,,,,,,,
,,,,,,,,,
,,,,,,,,,
,,,,,,,,,
,,,,,,,,,
,,,,,,,,,
,,,,,,,,,
,,,,,,,,,
,,,,,,,,,
,,,,,,,,,
,,,,,,,,,
,,,,,,,,,
,,,,,,,,,
,,,,,,,,,
,,,,,,,,,
,,,,,,,,,
,,,,,,,,,
,,,,,,,,,
,,,,,,,,,
,,,,,,,,,
,,,,,,,,,
,,,,,,,,,
,,,,,,,,,
,,,,,,,,,
,,,,,,,,,
,,,,,,,,,
,,,,,,,,,
,,,,,,,,,
,,,,,,,,,
,,,,,,,,,
,,,,,,,,,
,,,,,,,,,
,,,,,,,,,
,,,,,,,,,
,,,,,,,,,
,,,,,,,,,
,,,,,,,,,
,,,,,,,,,
,,,,,,,,,
,,,,,,,,,
,,,,,,,,,
,,,,,,,,,
,,,,,,,,,
,,,,,,,,,
,,,,,,,,,
,,,,,,,,,
,,,,,,,,,
,,,,,,,,,
,,,,,,,,,
,,,,,,,,,
,,,,,,,,,
,,,,,,,,,
,,,,,,,,,
,,,,,,,,,
,,,,,,,,,
,,,,,,,,,
,,,,,,,,,
,,,,,,,,,
,,,,,,,,,
,,,,,,,,,
,,,,,,,,,
,,,,,,,,,
,,,,,,,,,
,,,,,,,,,
,,,,,,,,,
,,,,,,,,,
,,,,,,,,,
,,,,,,,,,
,,,,,,,,,
,,,,,,,,,
,,,,,,,,,
,,,,,,,,,
,,,,,,,,,
,,,,,,,,,
,,,,,,,,,
,,,,,,,,,
,,,,,,,,,
,,,,,,,,,
,,,,,,,,,
,,,,,,,,,
,,,,,,,,,
,,,,,,,,,
,,,,,,,,,
,,,,,,,,,
,,,,,,,,,
,,,,,,,,,
,,,,,,,,,
,,,,,,,,,
,,,,,,,,,
,,,,,,,,,
,,,,,,,,,
,,,,,,,,,
,,,,,,,,,
,,,,,,,,,
,,,,,,,,,
,,,,,,,,,
,,,,,,,,,
,,,,,,,,,
,,,,,,,,,
,,,,,,,,,
,,,,,,,,,
,,,,,,,,,
,,,,,,,,,
,,,,,,,,,
,,,,,,,,,
,,,,,,,,,
,,,,,,,,,
,,,,,,,,,
,,,,,,,,,
,,,,,,,,,
,,,,,,,,,
,,,,,,,,,
,,,,,,,,,
,,,,,,,,,
,,,,,,,,,
,,,,,,,,,
,,,,,,,,,
,,,,,,,,,
,,,,,,,,,
,,,,,,,,,
,,,,,,,,,
,,,,,,,,,
,,,,,,,,,
,,,,,,,,,
,,,,,,,,,
,,,,,,,,,
,,,,,,,,,
,,,,,,,,,
,,,,,,,,,
,,,,,,,,,
,,,,,,,,,
,,,,,,,,,
,,,,,,,,,
,,,,,,,,,
,,,,,,,,,
,,,,,,,,,
,,,,,,,,,
,,,,,,,,,
,,,,,,,,,
,,,,,,,,,
,,,,,,,,,
,,,,,,,,,
,,,,,,,,,
,,,,,,,,,
,,,,,,,,,
,,,,,,,,,
,,,,,,,,,
,,,,,,,,,
,,,,,,,,,
,,,,,,,,,
,,,,,,,,,
,,,,,,,,,
,,,,,,,,,
,,,,,,,,,
,,,,,,,,,
,,,,,,,,,
,,,,,,,,,
,,,,,,,,,
,,,,,,,,,
,,,,,,,,,
,,,,,,,,,
,,,,,,,,,
,,,,,,,,,
,,,,,,,,,
,,,,,,,,,
,,,,,,,,,
,,,,,,,,,
,,,,,,,,,
,,,,,,,,,
,,,,,,,,,
,,,,,,,,,
,,,,,,,,,
,,,,,,,,,
,,,,,,,,,
,,,,,,,,,
,,,,,,,,,
,,,,,,,,,
,,,,,,,,,
,,,,,,,,,
,,,,,,,,,
,,,,,,,,,
,,,,,,,,,
,,,,,,,,,
,,,,,,,,,
,,,,,,,,,
,,,,,,,,,
,,,,,,,,,
,,,,,,,,,
,,,,,,,,,
,,,,,,,,,
,,,,,,,,,
,,,,,,,,,
,,,,,,,,,
,,,,,,,,,
,,,,,,,,,
,,,,,,,,,
,,,,,,,,,
,,,,,,,,,
,,,,,,,,,
,,,,,,,,,
,,,,,,,,,
,,,,,,,,,
,,,,,,,,,
,,,,,,,,,
,,,,,,,,,
,,,,,,,,,
,,,,,,,,,
,,,,,,,,,
,,,,,,,,,
,,,,,,,,,
,,,,,,,,,
,,,,,,,,,
,,,,,,,,,
,,,,,,,,,
,,,,,,,,,
,,,,,,,,,
,,,,,,,,,
,,,,,,,,,
,,,,,,,,,
,,,,,,,,,
,,,,,,,,,
,,,,,,,,,
,,,,,,,,,
,,,,,,,,,
,,,,,,,,,
,,,,,,,,,
,,,,,,,,,
,,,,,,,,,
,,,,,,,,,
,,,,,,,,,
,,,,,,,,,
,,,,,,,,,
,,,,,,,,,
,,,,,,,,,
,,,,,,,,,
,,,,,,,,,
,,,,,,,,,
,,,,,,,,,
,,,,,,,,,
,,,,,,,,,
,,,,,,,,,
,,,,,,,,,
,,,,,,,,,
,,,,,,,,,
,,,,,,,,,
,,,,,,,,,
,,,,,,,,,
,,,,,,,,,
,,,,,,,,,
,,,,,,,,,
,,,,,,,,,
,,,,,,,,,
,,,,,,,,,
,,,,,,,,,
,,,,,,,,,
,,,,,,,,,
,,,,,,,,,
,,,,,,,,,
,,,,,,,,,
,,,,,,,,,
,,,,,,,,,
,,,,,,,,,
,,,,,,,,,
,,,,,,,,,
,,,,,,,,,
,,,,,,,,,
,,,,,,,,,
,,,,,,,,,
,,,,,,,,,
,,,,,,,,,
,,,,,,,,,
,,,,,,,,,
,,,,,,,,,
,,,,,,,,,
,,,,,,,,,
,,,,,,,,,
,,,,,,,,,
,,,,,,,,,
,,,,,,,,,
,,,,,,,,,
,,,,,,,,,
,,,,,,,,,
,,,,,,,,,
,,,,,,,,,
,,,,,,,,,
,,,,,,,,,
,,,,,,,,,
,,,,,,,,,
,,,,,,,,,
,,,,,,,,,
,,,,,,,,,
,,,,,,,,,
,,,,,,,,,
,,,,,,,,,
,,,,,,,,,
,,,,,,,,,
,,,,,,,,,
,,,,,,,,,
,,,,,,,,,
,,,,,,,,,
,,,,,,,,,
,,,,,,,,,
,,,,,,,,,
,,,,,,,,,
,,,,,,,,,
,,,,,,,,,
,,,,,,,,,
,,,,,,,,,
,,,,,,,,,
,,,,,,,,,
,,,,,,,,,
,,,,,,,,,
,,,,,,,,,
,,,,,,,,,
,,,,,,,,,
,,,,,,,,,
,,,,,,,,,
,,,,,,,,,
,,,,,,,,,
,,,,,,,,,
,,,,,,,,,
,,,,,,,,,
,,,,,,,,,
,,,,,,,,,
,,,,,,,,,
,,,,,,,,,
,,,,,,,,,
,,,,,,,,,
,,,,,,,,,
,,,,,,,,,
,,,,,,,,,
,,,,,,,,,
,,,,,,,,,
,,,,,,,,,
,,,,,,,,,
,,,,,,,,,
,,,,,,,,,
,,,,,,,,,
,,,,,,,,,
,,,,,,,,,
,,,,,,,,,
,,,,,,,,,
,,,,,,,,,
,,,,,,,,,
,,,,,,,,,
,,,,,,,,,
,,,,,,,,,
,,,,,,,,,
,,,,,,,,,
,,,,,,,,,
,,,,,,,,,
,,,,,,,,,
,,,,,,,,,
,,,,,,,,,
,,,,,,,,,
,,,,,,,,,
,,,,,,,,,
,,,,,,,,,
,,,,,,,,,
,,,,,,,,,
,,,,,,,,,
,,,,,,,,,
,,,,,,,,,
,,,,,,,,,
,,,,,,,,,
,,,,,,,,,
,,,,,,,,,
,,,,,,,,,
,,,,,,,,,
,,,,,,,,,
,,,,,,,,,
,,,,,,,,,
,,,,,,,,,
,,,,,,,,,
,,,,,,,,,
,,,,,,,,,
,,,,,,,,,
,,,,,,,,,
,,,,,,,,,
,,,,,,,,,
,,,,,,,,,
,,,,,,,,,
,,,,,,,,,
,,,,,,,,,
,,,,,,,,,
,,,,,,,,,
,,,,,,,,,
,,,,,,,,,
,,,,,,,,,
,,,,,,,,,
,,,,,,,,,
,,,,,,,,,
,,,,,,,,,
,,,,,,,,,
,,,,,,,,,
,,,,,,,,,
,,,,,,,,,
,,,,,,,,,
,,,,,,,,,
,,,,,,,,,
,,,,,,,,,
,,,,,,,,,
,,,,,,,,,
